Ad Number,Position,Category,Requirements,Requirements_processed,Sentiment,Domination
1,Department Manager,Manager/director/head,Lisans Derecesi ve üç yıllık perakende deneyimi veya derece yerine dört yıllık perakende deneyimi En az bir yıllık yönetim deneyimi koçluk ve mentorluk deneyimi perakende yönetiminde kanıtlanabilir deneyim İngilizce iletişim kurabilme perakende iş sistemlerini kullanabilme ve Microsoft Office'i kullanmak Hafta sonları akşamları ve tatil günlerinde gerektiği gibi çalışabilme,lisans derecesi ve üç yıllık perakende deneyimi veya derece yerine dört yıllık perakende deneyimi en az bir yıllık yönetim deneyimi koçluk ve mentorluk deneyimi perakende yönetiminde kanıtlanabilir deneyim ingilizce iletişim kurabilme perakende iş sistemlerini kullanabilme ve microsoft office'i kullanmak hafta sonları akşamları ve tatil günlerinde gerektiği gibi çalışabilme,positive,male-dominated
2,Head of Software Engineer,Engineering,Orta ölçekli bir yazılım geliştirme ekibine liderlik eden büyümeyi çeşitliliği teşvik eden ilham veren ve güçlendiren üç yılı aşkın deneyim Yazılım mühendisliğinde beş ve üzeri yıllık deneyim Güçlü performans yönetimi ilkeleri insanları geliştirme konusunda kanıtlanmış geçmiş performans Uzak çok kültürlü ekipleri yönetme deneyimi,orta ölçekli bir yazılım geliştirme ekibine liderlik eden büyümeyi çeşitliliği teşvik eden ilham veren ve güçlendiren üç yılı aşkın deneyim yazılım mühendisliğinde beş ve üzeri yıllık deneyim güçlü performans yönetimi ilkeleri insanları geliştirme konusunda kanıtlanmış geçmiş performans uzak çok kültürlü ekipleri yönetme deneyimi,positive,male-dominated
3,Freelance Data Engineer,Engineering,Yazılım geliştirmede üç yılı aşkın profesyonel deneyim Python ve Pandalar ile çalışma deneyimi Dağıtılmış hesaplama ve veri modellemenin temel ilkelerine aşinalık Mühendislik yazılım platformları ve veri altyapıları dahil olmak üzere nesne yönelimli tasarım ve kodlama ve test modelleriyle ilgili kapsamlı deneyim Airflow ve Luigi ile çalışma deneyimi büyük bir artı Scala ile çalışma deneyimi bir artıdır Google Cloud Platform'a aşinalık Boyutsal Modelleme ve Raylar ile çalışma deneyimi bir artıdır Üstün iletişim ve kişilerarası beceriler Tam zamanlı müsaitlik,yazılım geliştirmede üç yılı aşkın profesyonel deneyim python ve pandalar ile çalışma deneyimi dağıtılmış hesaplama ve veri modellemenin temel ilkelerine aşinalık mühendislik yazılım platformları ve veri altyapıları dahil olmak üzere nesne yönelimli tasarım ve kodlama ve test modelleriyle ilgili kapsamlı deneyim airflow ve luigi ile çalışma deneyimi büyük bir artı scala ile çalışma deneyimi bir artıdır google cloud platform'a aşinalık boyutsal modelleme ve raylar ile çalışma deneyimi bir artıdır üstün iletişim ve kişilerarası beceriler tam zamanlı müsaitlik,positive,male-dominated
4,Tedarik Zinciri Genel Müdür Yardımcısı,Manager/director/head (assistant),Stratejik Planlama ve hedef yayılım metotlarını etkin kullanan Satış Operasyon Planlama  süreçlerine hakim Liderlik becerileri güçlü Farklı lokasyonlardaki ekipleri yönetme ve denetleme konularında yetenekli Dinamik yenilikçi ve takım çalışmasına yatkın Analitik düşünme ve problem çözme yeteneği gelişmiş çözüm odaklı Planlama ve iş takip yeteneğine sahip Değişim yönetimi becerilerine ve stratejik bakış açısına sahip İletişimi güçlü ikna ve müzakere berileri yüksek Analitik raporlama ve planlama becerisi yüksek Detaylara hakim disiplinli sorumluluk sahibi ve iş aidiyeti yüksek,stratejik planlama ve hedef yayılım metotlarını etkin kullanan satış operasyon planlama  süreçlerine hakim liderlik becerileri güçlü farklı lokasyonlardaki ekipleri yönetme ve denetleme konularında yetenekli dinamik yenilikçi ve takım çalışmasına yatkın analitik düşünme ve problem çözme yeteneği gelişmiş çözüm odaklı planlama ve iş takip yeteneğine sahip değişim yönetimi becerilerine ve stratejik bakış açısına sahip iletişimi güçlü ikna ve müzakere berileri yüksek analitik raporlama ve planlama becerisi yüksek detaylara hakim disiplinli sorumluluk sahibi ve iş aidiyeti yüksek,positive,male-dominated
5,Yeni Nesil Kariyer Deneyimi,Teaching/Teacher,"Türkiye’deki üniversitelerde veya T.C. vatandaşı olarak yurtdışındaki üniversitelerde okuyan üçüncü ve dördüncü sınıf öğrencisiysen Tercihen Mühendislik veya İktisadi ve İdari Bilimler fakültelerinde okuyorsan Bu yaz stajın için fırsat arıyorsan
Çok iyi derecede İngilizce biliyorsan Öğrenmeye hevesli yeniliklere açık ve gelişim odaklıysan iyi bir takım oyuncusu olduğunu düşünüyorsan Online veya hibrit çalışma modelleri ile iş hayatını deneyimlemek istiyorsan","türkiye’deki üniversitelerde veya t.c. vatandaşı olarak yurtdışındaki üniversitelerde okuyan üçüncü ve dördüncü sınıf öğrencisiysen tercihen mühendislik veya iktisadi ve idari bilimler fakültelerinde okuyorsan bu yaz stajın için fırsat arıyorsan
çok iyi derecede ingilizce biliyorsan öğrenmeye hevesli yeniliklere açık ve gelişim odaklıysan iyi bir takım oyuncusu olduğunu düşünüyorsan online veya hibrit çalışma modelleri ile iş hayatını deneyimlemek istiyorsan",negative,female-dominated
6,Proje Stajyeri (İş Sağlığı Güvenliği),Internship,Eczacıbaşı Holding olarak yurtiçi ve yurtdışındaki kuruluşlarımızla yürüttüğümüz iş sağlığı ve güvenliği proje süreçlerine ve koordinasyona destek olmak Topluluk iş sağlığı ve güvenliği standartlarının oluşturulması ve denetim süreçlerinde görev almak Topluluk Afet Yönetim Sistemi projesinde görev almak Hazırlanacak sunumlara iç analiz ve değerlendirme raporlarına destek olmak Iç iletişim eğitim etkinlik süreçlerinde görev almak.,eczacıbaşı holding olarak yurtiçi ve yurtdışındaki kuruluşlarımızla yürüttüğümüz iş sağlığı ve güvenliği proje süreçlerine ve koordinasyona destek olmak topluluk iş sağlığı ve güvenliği standartlarının oluşturulması ve denetim süreçlerinde görev almak topluluk afet yönetim sistemi projesinde görev almak hazırlanacak sunumlara iç analiz ve değerlendirme raporlarına destek olmak iç iletişim eğitim etkinlik süreçlerinde görev almak.,neutral,neutral
7,Dağıtım Kanalları Üniversite Stajyeri,Internship,Satış ve dijital projelerin kurgulanması ve hayata geçirilmesi Satış raporlarının hazırlanması MDG sisteminde müşteri ve sevk adreslerinin tanımlanması Saha ekipleri ile olan süreçlerin ilerletilmesi Finansal raporların takibi ,satış ve dijital projelerin kurgulanması ve hayata geçirilmesi satış raporlarının hazırlanması mdg sisteminde müşteri ve sevk adreslerinin tanımlanması saha ekipleri ile olan süreçlerin ilerletilmesi finansal raporların takibi ,neutral,neutral
8,İnsan Kaynakları Uzman Yardımcısı,Manager/director/head (assistant),Üniversitelerin Mühendislik veya Sosyal Bilimler veya  İktisadi ve İdari Bilimler bölümlerinden mezun İnsan Kaynakları alanında kariyer hedefleyen İleri seviyede yazılı ve sözlü İngilizce bilgisine sahip MS Office programlarını iyi seviyede kullanabilen Kalite ve detay odaklı güçlü analitik düşünme planlama ve organizasyon yetkinliklerine sahip Güçlü iletişim ve iş birliği becerilerine sahip Değişime ve gelişime açık Seyahat engeli olmayan İzmir’de veya İstanbul’da ikamet eden,üniversitelerin mühendislik veya sosyal bilimler veya  iktisadi ve idari bilimler bölümlerinden mezun insan kaynakları alanında kariyer hedefleyen ileri seviyede yazılı ve sözlü ingilizce bilgisine sahip ms office programlarını iyi seviyede kullanabilen kalite ve detay odaklı güçlü analitik düşünme planlama ve organizasyon yetkinliklerine sahip güçlü iletişim ve iş birliği becerilerine sahip değişime ve gelişime açık seyahat engeli olmayan izmir’de veya istanbul’da ikamet eden,positive,male-dominated
9,Data Engineer,Engineering,Üniversitelerin Mühendislik bölümlerinden mezun SSIS ile ETL işleri geliştirme konusunda en az iki yıl deneyimli ODI senaryolarında ftp mail gönderim vb. bileşenleri kullanmış knowledge modüller konusunda bilgi sahibi İyi derecede MSSQL bilgisine sahip Ayrıca NoSQL tarafında da tecrübe edinmiş  performans iyileştirme çalışmalarında bulunmuş Tercihen Flink Spark ve Kafka gibi açık kaynak veri teknolojileriBulut tabanlı veri ambarları özellikle Redshift BigQuery veya Snowflake Apache Airflow Argo Workflow gibi orkestrasyon AWS ve Athena Glue Lambda ve Hudi Iceberg Delta Lake gibi data lake tablo formatları konusunda deneyimli Öğrenmeye açık alanındaki gelişmeleri takip eden takım çalışmasına yatkın çevik metodolojiler konusunda bilgi sahibi analiz yeteneği yüksek veriyi anlamlandırma konusunda yetkin Literatürü takip edecek ve problem çözümü destek çalışmalarında üreticilerin yurtdışı kaynakları ile İletişim kurabilecek düzeyde İngilizce bilen,üniversitelerin mühendislik bölümlerinden mezun ssis ile etl işleri geliştirme konusunda en az iki yıl deneyimli odi senaryolarında ftp mail gönderim vb. bileşenleri kullanmış knowledge modüller konusunda bilgi sahibi iyi derecede mssql bilgisine sahip ayrıca nosql tarafında da tecrübe edinmiş  performans iyileştirme çalışmalarında bulunmuş tercihen flink spark ve kafka gibi açık kaynak veri teknolojileribulut tabanlı veri ambarları özellikle redshift bigquery veya snowflake apache airflow argo workflow gibi orkestrasyon aws ve athena glue lambda ve hudi iceberg delta lake gibi data lake tablo formatları konusunda deneyimli öğrenmeye açık alanındaki gelişmeleri takip eden takım çalışmasına yatkın çevik metodolojiler konusunda bilgi sahibi analiz yeteneği yüksek veriyi anlamlandırma konusunda yetkin literatürü takip edecek ve problem çözümü destek çalışmalarında üreticilerin yurtdışı kaynakları ile iletişim kurabilecek düzeyde ingilizce bilen,positive,male-dominated
10,Veri Analitiği,Engineering,Üniversitelerin dört yıllık bölümlerinden mezun olmak Erkek adaylar için askerlik hizmetini tamamlamış veya muaf olmak İyi seviyede İngilizce bilmek Yurtiçi ve yurtdışı seyahat engeli bulunmamak B sınıfı araç ehliyetine sahip olmak Sözlü ve yazılı olarak kendini iyi ifade edebilmek Bursa'da ikamet eden veya edebilecek Veri analitiği çözümleri satışı konusunda tecrübe sahibi,üniversitelerin dört yıllık bölümlerinden mezun olmak erkek adaylar için askerlik hizmetini tamamlamış veya muaf olmak iyi seviyede ingilizce bilmek yurtiçi ve yurtdışı seyahat engeli bulunmamak b sınıfı araç ehliyetine sahip olmak sözlü ve yazılı olarak kendini iyi ifade edebilmek bursa'da ikamet eden veya edebilecek veri analitiği çözümleri satışı konusunda tecrübe sahibi,neutral,male-dominated
11,Proje Uzman Yardımcısı,Manager/director/head (assistant),Analiz Yapma Raporlama ve İstatistiksel Veri Oluşturma Yeteneklerine Sahip İleri derecede İngilizce bilen aktif kullanan MS Office Programlarını özellikle exceli iyi derecede kullanabilen Üniversitelerin ilgili bölümlerinden mezun Konusunda en az iki yıl tecrübeli Tercihen saha ekiplerinden bilgi alarak rapor oluşturma konusunda tecrübeli Saha ekibi yönetebilecek İletişim becerileri güçlü Yeni teknolojiler hakkında bilgi sahibi takım çalışmasına yatkın iletişim yeteneği güçlü takipçi çözüm üretebilen Pratik ve analitik düşünebilen Sistemli ve düzenli çalışan Erkek adaylar için askerlik görevini tamamlamış,analiz yapma raporlama ve istatistiksel veri oluşturma yeteneklerine sahip ileri derecede ingilizce bilen aktif kullanan ms office programlarını özellikle exceli iyi derecede kullanabilen üniversitelerin ilgili bölümlerinden mezun konusunda en az iki yıl tecrübeli tercihen saha ekiplerinden bilgi alarak rapor oluşturma konusunda tecrübeli saha ekibi yönetebilecek iletişim becerileri güçlü yeni teknolojiler hakkında bilgi sahibi takım çalışmasına yatkın iletişim yeteneği güçlü takipçi çözüm üretebilen pratik ve analitik düşünebilen sistemli ve düzenli çalışan erkek adaylar için askerlik görevini tamamlamış,positive,male-dominated
12,İhracat asistanı,Assistant,"Avrupa Afrika ve Ortadoğu piyasasında mevcut distribütörlerle iş geliştirme ve yeni distribütörlükler oluşturarak pazar elde edilmesi Yurtdışı satış toplantı ve organizasyonlarını lojistik ve evrak süreçlerini organize edilmesi Herhangi bir iş tecrübesi zorunluluğu yoktur İyi derecede yazılı ve sözlü İngilizce bilgisi bulunan
MS Office programlarını kullanabilen Raporlama ve CRM işlerini yürütebilecek kendi müşteri portföyünün operasyon işlerini yapacak takip edecek ve gerektiğinde firmanın eski müşteri portföyünün işlerinine yardımcı olacak Prezantabl kişisel gelişimine önem veren ve iş hayatında enerjisiyle aktif kişiliğe sahip
Seyahat engeli bulunmayan Gümrük işlemleri ve ihracat/ithalat lojistik organizasyonlarla alakalı sorumlulukların yerine getirilmesi Yurtdışı ürün satışında tüm ihracat operasyonlarını yerine getirmek İhracatı yapılan ürünlere ait tüm resmi kurumlarla olan süreçleri yerine getirmek Yurt dışındaki dış pazarlara yönelik piyasa araştırması yapacak","avrupa afrika ve ortadoğu piyasasında mevcut distribütörlerle iş geliştirme ve yeni distribütörlükler oluşturarak pazar elde edilmesi yurtdışı satış toplantı ve organizasyonlarını lojistik ve evrak süreçlerini organize edilmesi herhangi bir iş tecrübesi zorunluluğu yoktur iyi derecede yazılı ve sözlü ingilizce bilgisi bulunan
ms office programlarını kullanabilen raporlama ve crm işlerini yürütebilecek kendi müşteri portföyünün operasyon işlerini yapacak takip edecek ve gerektiğinde firmanın eski müşteri portföyünün işlerinine yardımcı olacak prezantabl kişisel gelişimine önem veren ve iş hayatında enerjisiyle aktif kişiliğe sahip
seyahat engeli bulunmayan gümrük işlemleri ve ihracat/ithalat lojistik organizasyonlarla alakalı sorumlulukların yerine getirilmesi yurtdışı ürün satışında tüm ihracat operasyonlarını yerine getirmek ihracatı yapılan ürünlere ait tüm resmi kurumlarla olan süreçleri yerine getirmek yurt dışındaki dış pazarlara yönelik piyasa araştırması yapacak",negative,female-dominated
13,Saha Satış Temsilcisi,Sales Representative/Specialist,Üniversitelerin tercihen Mühendislik bölümünlerinden mezun Satış alanında tecrübeli yüksek iletişim becerisine sahip hedef ve sonuç odaklı çalışan Tercihen iyi derecede İngilizce bilen Aktif olarak araç kullanabilen Motivasyonu yüksek takım çalışmasına uyumlu ve öğrenmeye açık İzmir’de ikamet eden veya edebilecek olan,üniversitelerin tercihen mühendislik bölümünlerinden mezun satış alanında tecrübeli yüksek iletişim becerisine sahip hedef ve sonuç odaklı çalışan tercihen iyi derecede ingilizce bilen aktif olarak araç kullanabilen motivasyonu yüksek takım çalışmasına uyumlu ve öğrenmeye açık izmir’de ikamet eden veya edebilecek olan,positive,male-dominated
14,Üretim Mühendisi,Engineering,Üniversitelerin Mühendislik bölümlerinden mezun Analitik düşünebilen iletişim becerisi yüksek Problem çözme becerileri gelişmiş sonuç odaklı Tercihen iyi derecede İngilizce bilen İyi derecede Ofis programlarını kullanabilen,üniversitelerin mühendislik bölümlerinden mezun analitik düşünebilen iletişim becerisi yüksek problem çözme becerileri gelişmiş sonuç odaklı tercihen iyi derecede ingilizce bilen iyi derecede ofis programlarını kullanabilen,positive,male-dominated
15,Yazılım Mühendisi,Engineering,Üniversitelerin Bilgisayar Elektrik-Elektronik Telekomünikasyon vb. mühendislik bölümlerinden mezun C++ ile Object Oriented programlama konusunda tecrübeli Qt framework hakkında bilgi sahibi Modelleme ve simülasyon alanlarına ilgili Multi-threaded yazılım mimarileri hakkında bilgi sahibi Haberleşme protokolleri konularında bilgili Linux işletim sistemleri hakkında tecrübeli Cross-platform yazılım geliştirmeye istekli İyi seviyede İngilizce bilen Takım çalışmasına yatkın ve girişken,üniversitelerin bilgisayar elektrik-elektronik telekomünikasyon vb. mühendislik bölümlerinden mezun c++ ile object oriented programlama konusunda tecrübeli qt framework hakkında bilgi sahibi modelleme ve simülasyon alanlarına ilgili multi-threaded yazılım mimarileri hakkında bilgi sahibi haberleşme protokolleri konularında bilgili linux işletim sistemleri hakkında tecrübeli cross-platform yazılım geliştirmeye istekli iyi seviyede ingilizce bilen takım çalışmasına yatkın ve girişken,neutral,male-dominated
16,Sekreter,Secretary,Tecrübeli veya tecrübesiz Kocaelide ikamet eden Tercihen MYO herhangi bölümünden mezun yirmi-kırk yaşları arasında bayan,tecrübeli veya tecrübesiz kocaelide ikamet eden tercihen myo herhangi bölümünden mezun yirmi-kırk yaşları arasında bayan,negative,female-dominated
17,Sekreter/Ofis Asistanı,Assistant, En az lise tercihen MYO veya Üniversite mezunu Başlangıç düzeyde İngilizce iletişim becerisine sahip Bilgisayar bilgisine sahip MS Office uygulamalarına hakim İletişim becerileri güçlü Diksiyonu iyi dış görünümüne özen gösteren dinamik motivasyonu yüksek ve güleryüzlü İnsan ilişkileri kuvvetli konuksever misafir memnuniyeti odaklı bayan , en az lise tercihen myo veya üniversite mezunu başlangıç düzeyde ingilizce iletişim becerisine sahip bilgisayar bilgisine sahip ms office uygulamalarına hakim iletişim becerileri güçlü diksiyonu iyi dış görünümüne özen gösteren dinamik motivasyonu yüksek ve güleryüzlü insan ilişkileri kuvvetli konuksever misafir memnuniyeti odaklı bayan ,negative,female-dominated
18,Sekreter,Secretary,Hadımköy Arnavutköy bölgesinde ikamet eden  ekip çalışmasına uygun prenzentabl on sekiz-kırk yaş aralığında ofis düzenini ve temizliğini sağlayacak  güler yüzlü,hadımköy arnavutköy bölgesinde ikamet eden  ekip çalışmasına uygun prenzentabl on sekiz-kırk yaş aralığında ofis düzenini ve temizliğini sağlayacak  güler yüzlü,negative,female-dominated
19,Sekreter,Secretary,Tercihen Kadıköy veya yakın bölgede ikamet eden Minimum iki yıl iş tecrübesine sahip Office programlarına hakim ve aktif kullanabilen Sorumluluk bilinci yüksek takipçi ve iş temposuna uyum sağlayabilen Sözlü ve yazılı iletişim yeteneği kuvvetli Diksiyonu düzgün güler yüzlü akıcı ve anlaşılır konuşan En az ön lisans ve üzeri mezuniyet durumuna sahip,tercihen kadıköy veya yakın bölgede ikamet eden minimum iki yıl iş tecrübesine sahip office programlarına hakim ve aktif kullanabilen sorumluluk bilinci yüksek takipçi ve iş temposuna uyum sağlayabilen sözlü ve yazılı iletişim yeteneği kuvvetli diksiyonu düzgün güler yüzlü akıcı ve anlaşılır konuşan en az ön lisans ve üzeri mezuniyet durumuna sahip,negative,female-dominated
20,Tıbbi Sekreter,Assistant,Güler yüzlü iletişimi kuvvetli ekip çalışmasına yatkın Dış görünümüne ve kişisel bakımına özen gösteren Hasta ve hasta yakınları ile etkili iletişim kurabilme becerisine sahip kadın,güler yüzlü iletişimi kuvvetli ekip çalışmasına yatkın dış görünümüne ve kişisel bakımına özen gösteren hasta ve hasta yakınları ile etkili iletişim kurabilme becerisine sahip kadın,negative,female-dominated
21,Resepsiyonist,Receptionist,Kişisel bakım ve hijyenine önem veren ahlaki değerler ve iş disiplinine sahip A ve B shiftlerinne çalışabilecek İngilizce diline ve otel programlarına hakim TC vatandaşı ,kişisel bakım ve hijyenine önem veren ahlaki değerler ve iş disiplinine sahip a ve b shiftlerinne çalışabilecek ingilizce diline ve otel programlarına hakim tc vatandaşı ,negative,female-dominated
22,Resepsiyonist,Receptionist,Turizm ve Otelcilik eğitimi veren Üniversite veya Meslek Yüksek Okulu ya da Turizm Meslek Lisesi mezunu İyi derecede İngilizce bilen Benzer pozisyonda en az iki yıl tecrübe sahibi Ms office uygulamalarına hakim Otelcilik programlarını kullanabilen Ekip çalışmasına yatkın Güler yüzlü pozitif dış görünümüne özen gösteren İnsan ilişkilerinde başarılı iletişim ve problem çözme becerisi yüksek Askerlik hizmetini tamamlamış,turizm ve otelcilik eğitimi veren üniversite veya meslek yüksek okulu ya da turizm meslek lisesi mezunu iyi derecede ingilizce bilen benzer pozisyonda en az iki yıl tecrübe sahibi ms office uygulamalarına hakim otelcilik programlarını kullanabilen ekip çalışmasına yatkın güler yüzlü pozitif dış görünümüne özen gösteren insan ilişkilerinde başarılı iletişim ve problem çözme becerisi yüksek askerlik hizmetini tamamlamış,negative,female-dominated
23,Sekreter,Secretary,Bizimle çalışacak sekreteryadan sorumlu olacak satış ve teklif raporlarını gün sonu hazırlayacak ve çay kahve servisi yapacak bayan,bizimle çalışacak sekreteryadan sorumlu olacak satış ve teklif raporlarını gün sonu hazırlayacak ve çay kahve servisi yapacak bayan,negative,female-dominated
24,Sekreter,Secretary,"Tercihen bilişim sektöründe çalışmış Bayan Dış görünüşüne özen gösteren Diksiyonu düzgün ve güler yüzlü Ekip çalışmasına uyumlu
Hedefi olan kariyer düşünen Tercihen Yabancı Dil bilen Office Programlarına Hakim Üniversite Halkla İlişkiler veya Benzer Bölümlerden Mezun","tercihen bilişim sektöründe çalışmış bayan dış görünüşüne özen gösteren diksiyonu düzgün ve güler yüzlü ekip çalışmasına uyumlu
hedefi olan kariyer düşünen tercihen yabancı dil bilen office programlarına hakim üniversite halkla ilişkiler veya benzer bölümlerden mezun",negative,female-dominated
25,Anaokulu Öğretmeni,Teaching/Teacher,Kaliteli bakım ve eğitime dair net bir anlayışa sahip olmak ve çocuk gelişimi hakkında kapsamlı bir bilgiye sahip olmak Tercihen min. üç ila dört yaş arası çocuklarla iki yıllık öğretmenlik deneyimi Kadın Enerjik yaratıcı ve yüksek motivasyonlu Dinamik ve eğlenceli bir eğitim ortamında çalışmaya istekli Kişisel ve mesleki bütünlük ve gizlilik göstermek Türkçeyi anlamak ve konuşmak ,kaliteli bakım ve eğitime dair net bir anlayışa sahip olmak ve çocuk gelişimi hakkında kapsamlı bir bilgiye sahip olmak tercihen min. üç ila dört yaş arası çocuklarla iki yıllık öğretmenlik deneyimi kadın enerjik yaratıcı ve yüksek motivasyonlu dinamik ve eğlenceli bir eğitim ortamında çalışmaya istekli kişisel ve mesleki bütünlük ve gizlilik göstermek türkçeyi anlamak ve konuşmak ,negative,female-dominated
26,İnşaat ve Proje Mühendisi,Engineering,Önde gelen üniversitelerin İnşaat Mühendisliği bölümünden mezun İyi derecede İngilizce dil bilgisine sahip B sınıfı sürücü ehliyetine sahip Erkek adaylar için askerlik hizmetini tamamlamış Seyahat engeli bulunmayan İyi seviyede etkin yazma ve okuma yetisine sahip AutoCad Etaps vb. mesleki programları ve Excel Word gibi MS Ofis programlarını kullanabilen Ekip içerisinde saha şantiye ve ofis ortamında çalışmaya uygun Öğrenmeye açık ve iyileştirme gayretlerine olumlu yaklaşan üretken iş yapmaya ve sorumluluk üstlenmeye hevesli üstlendiği işi kendi başına sürükleyebilecek iç motivasyonu yüksek mesleki paylaşıma ve işbirliğine açık kişilik özelliklerinde olmak Tercihen üç-beş yıllık bir deneyime sahip Tercihen iki-üç yıl endüstriyel tesis tecrübesine sahip Tercihen sektörü bilen bir endüstriyel tesis yapım işinde görev almış,önde gelen üniversitelerin inşaat mühendisliği bölümünden mezun iyi derecede ingilizce dil bilgisine sahip b sınıfı sürücü ehliyetine sahip erkek adaylar için askerlik hizmetini tamamlamış seyahat engeli bulunmayan iyi seviyede etkin yazma ve okuma yetisine sahip autocad etaps vb. mesleki programları ve excel word gibi ms ofis programlarını kullanabilen ekip içerisinde saha şantiye ve ofis ortamında çalışmaya uygun öğrenmeye açık ve iyileştirme gayretlerine olumlu yaklaşan üretken iş yapmaya ve sorumluluk üstlenmeye hevesli üstlendiği işi kendi başına sürükleyebilecek iç motivasyonu yüksek mesleki paylaşıma ve işbirliğine açık kişilik özelliklerinde olmak tercihen üç-beş yıllık bir deneyime sahip tercihen iki-üç yıl endüstriyel tesis tecrübesine sahip tercihen sektörü bilen bir endüstriyel tesis yapım işinde görev almış,positive,male-dominated
27,İnşaat Mühendisi,Engineering,Soğuk hava deposu tesislerinde tecrübeli Bandırmada ikamet eden veya edebilecek olan Endüstriyel tesislerde görev almış En az 10 yıl tecrübeli Üniversite mezunu Statik hesap yapabilecek Proje okuyabilen iyileştirme ve öneri sunabilecek,soğuk hava deposu tesislerinde tecrübeli bandırmada ikamet eden veya edebilecek olan endüstriyel tesislerde görev almış en az 10 yıl tecrübeli üniversite mezunu statik hesap yapabilecek proje okuyabilen iyileştirme ve öneri sunabilecek,positive,male-dominated
28,İhracat Satış Elemanı,Sales Representative/Specialist,Dış ticaret operasyonunda bilgi sahibi pazarlama satış personeli erkek Üniversite mezunu Askerlikle ilişiği kesilmiş Akıcı İngilizce konuşma yeteneği olan Hızlı düşünen Aktif dış ticaret pazarlamasında üç yıl tecrübesi bulunan Stres yönetiminde başarılı Bahçeşehir civarında oturan,dış ticaret operasyonunda bilgi sahibi pazarlama satış personeli erkek üniversite mezunu askerlikle ilişiği kesilmiş akıcı ingilizce konuşma yeteneği olan hızlı düşünen aktif dış ticaret pazarlamasında üç yıl tecrübesi bulunan stres yönetiminde başarılı bahçeşehir civarında oturan,positive,male-dominated
29,Satış Elemanı,Sales Representative/Specialist,üniversitelerin mühendislik bölümlerinden mezun teklif ve satış süreçlerini titizlikle takip edebilen sorumluluk sahibi düzenli çalışmayı seven insan ilişkileri kuvvetli müşteri odaklı düşünebilen yurt içi seyahat engeli bulunmayan İstanbul Başakşehirde çalışacak bayan,üniversitelerin mühendislik bölümlerinden mezun teklif ve satış süreçlerini titizlikle takip edebilen sorumluluk sahibi düzenli çalışmayı seven insan ilişkileri kuvvetli müşteri odaklı düşünebilen yurt içi seyahat engeli bulunmayan istanbul başakşehirde çalışacak bayan,negative,male-dominated
30,Resepsiyonist ve Oyun Ablası,Receptionist,Prezantabl etkin iletişim becerisine sahip genç dinamik ve güler yüzlü vardiyalı sistemde çalışabilir bayan,prezantabl etkin iletişim becerisine sahip genç dinamik ve güler yüzlü vardiyalı sistemde çalışabilir bayan,negative,female-dominated
31,Data Engineer,Engineering,"Üniversitelerin Mühendislik bölümlerinden mezun SSIS ile ETL işleri geliştirme konusunda en az iki yıl deneyimli ODI senaryolarında ftp ve mail gönderim vb. bileşenleri kullanmış knowledge modüller konusunda bilgi sahibi
İyi derecede MSSQL bilgisine sahip Ayrıca NoSQL tarafında da tecrübe edinmiş performans iyileştirme çalışmalarında bulunmuş Tercihen Flink Spark ve Kafka gibi açık kaynak veri teknolojileri ve Bulut tabanlı veri ambarları özellikle Redshift BigQuery veya Snowflake Apache Airflow Argo Workflow gibi orkestrasyon AWS ve Athena Glue Lambda ve Hudi Iceberg Delta Lake gibi data lake tablo formatları konusunda deneyimli Öğrenmeye açık alanındaki gelişmeleri takip eden takım çalışmasına yatkın çevik metodolojiler konusunda bilgi sahibi analiz yeteneği yüksek veriyi anlamlandırma konusunda yetkin Literatürü takip edecek ve problem çözümü destek çalışmalarında üreticilerin yurtdışı kaynakları ile İletişim kurabilecek düzeyde İngilizce bilen","üniversitelerin mühendislik bölümlerinden mezun ssis ile etl işleri geliştirme konusunda en az iki yıl deneyimli odi senaryolarında ftp ve mail gönderim vb. bileşenleri kullanmış knowledge modüller konusunda bilgi sahibi
iyi derecede mssql bilgisine sahip ayrıca nosql tarafında da tecrübe edinmiş performans iyileştirme çalışmalarında bulunmuş tercihen flink spark ve kafka gibi açık kaynak veri teknolojileri ve bulut tabanlı veri ambarları özellikle redshift bigquery veya snowflake apache airflow argo workflow gibi orkestrasyon aws ve athena glue lambda ve hudi iceberg delta lake gibi data lake tablo formatları konusunda deneyimli öğrenmeye açık alanındaki gelişmeleri takip eden takım çalışmasına yatkın çevik metodolojiler konusunda bilgi sahibi analiz yeteneği yüksek veriyi anlamlandırma konusunda yetkin literatürü takip edecek ve problem çözümü destek çalışmalarında üreticilerin yurtdışı kaynakları ile iletişim kurabilecek düzeyde ingilizce bilen",positive,male-dominated
32,Control Engineer,Engineering,Verilen görevlendirmelere özen göstermesi ve saha çalışmasını buna göre programlaması Yapılan ölçüm kontrol ve muayeneleri raporlayabilmesi Şehirdışı seyahat engeli olmaması Sık seyahat edilmesi gereken dönemsel çalışmalara uyum sağlayabilmesi Şehiriçi ve şehirlerarası araç kullanabilmesi B sınıfı ehliyet sahibi MS Office programlarını etkin olarak kullanabilmesi Raporlama ve arşivleme konusunda titiz olarak çalışabilmesi Mesai saatleri form doldurma ve kalite sistemi gibi konularda titiz olan kalite yönetim sistemleri konusunda bilgi sahibi olması Akredite bir firmada çalışmanın sorumluluğunda olabilmesi İş sağlığı ve güvenliği mevzuatına uygun çalışabilmesi Firmanın kaliteli hizmet geleneğine bağlılığı gösterebilmesi Takım çalışmasına yatkın olması İyi iletişim kurabilmesi Öğrenmeye açık olması Çalışma programının yoğunluğuna bağlı olarak mesai saatleri dışında ve haftasonları çalışmaya uyum sağlaması Mekanik kontroller için başvuracak uzmanların tercihen Makine Mühendisleri Odası'ndan ya da TSE'de ilgili eğitim belgelerine sahip olması,verilen görevlendirmelere özen göstermesi ve saha çalışmasını buna göre programlaması yapılan ölçüm kontrol ve muayeneleri raporlayabilmesi şehirdışı seyahat engeli olmaması sık seyahat edilmesi gereken dönemsel çalışmalara uyum sağlayabilmesi şehiriçi ve şehirlerarası araç kullanabilmesi b sınıfı ehliyet sahibi ms office programlarını etkin olarak kullanabilmesi raporlama ve arşivleme konusunda titiz olarak çalışabilmesi mesai saatleri form doldurma ve kalite sistemi gibi konularda titiz olan kalite yönetim sistemleri konusunda bilgi sahibi olması akredite bir firmada çalışmanın sorumluluğunda olabilmesi iş sağlığı ve güvenliği mevzuatına uygun çalışabilmesi firmanın kaliteli hizmet geleneğine bağlılığı gösterebilmesi takım çalışmasına yatkın olması iyi iletişim kurabilmesi öğrenmeye açık olması çalışma programının yoğunluğuna bağlı olarak mesai saatleri dışında ve haftasonları çalışmaya uyum sağlaması mekanik kontroller için başvuracak uzmanların tercihen makine mühendisleri odası'ndan ya da tse'de ilgili eğitim belgelerine sahip olması,positive,male-dominated
33,Ofice Assistant,Assistant,Diksiyonu düzgün dış görünüşüne özen gösteren ekip çalışmasına yatkın esnek çalışma saatlerine uygun İngilizce bilen,diksiyonu düzgün dış görünüşüne özen gösteren ekip çalışmasına yatkın esnek çalışma saatlerine uygun ingilizce bilen,negative,female-dominated
34,Dental Assistant,Assistant,Tercihen Ağız ve Diş Sağlığı Teknikerliği bölümlerinden mezun alanında en az bir yıl tecrübe sahibi hasta ve hasta yakını iletişimi kuvvetli kişisel hijyen tedbirlerine uyum gösterebilecek dış görünüşüne özen gösteren problem çözme ve alternatif çözüm yolları üretme yeteneğine sahip ekip çalışmasına yatkın hasta takibi yapıp randevuları düzenleyebilecek sterilizasyona özen gösterecek ekipman ve cihazları her an kullanıma hazır tutacak detaylara önem verip hiçbir detayı atlamayacak güler yüzlü olup hastaları teskin edecek,tercihen ağız ve diş sağlığı teknikerliği bölümlerinden mezun alanında en az bir yıl tecrübe sahibi hasta ve hasta yakını iletişimi kuvvetli kişisel hijyen tedbirlerine uyum gösterebilecek dış görünüşüne özen gösteren problem çözme ve alternatif çözüm yolları üretme yeteneğine sahip ekip çalışmasına yatkın hasta takibi yapıp randevuları düzenleyebilecek sterilizasyona özen gösterecek ekipman ve cihazları her an kullanıma hazır tutacak detaylara önem verip hiçbir detayı atlamayacak güler yüzlü olup hastaları teskin edecek,negative,female-dominated
35,Account Manager,Manager/director/head,İşletme Reklamcılık Pazarlama Mühendislik veya diğer ilgili alanlarda Lisans Derecesi üç ve üzeri yıllık hesap yönetimi veya marka yönetimi deneyimi İşi ve satış misyonunu ve rollerini iyi anlamak Büyük hesapları yönetmede güçlü başarı sicili Influencer pazarlama sosyal medya medya planlama veya bir FMCG şirketinde deneyim tercih sebebidir Etkileyici pazarlama ekosistemi ve metrikleri hakkında güçlü bir anlayış Mükemmel proje yönetimi ve müşteri yönetimi becerilerine sahip stratejik düşünür Tüm karar verme düzeylerinde geniş bir insan yelpazesiyle başarılı projeler yürütme becerisi Güçlü iş yargısı başkalarını etkilemek için kanıtlanmış yetenek Bir sosyal medya ajansı medya planlama ajansı veya bir FMCG şirketinde deneyim tercih sebebidir güçlü analitik beceriler Güçlü müzakere becerileri harika iletişimci yaratıcı zihin takım oyuncusu Disiplinli kapsayıcı saygılı olumlu tutum çözüm odaklı Mükemmel iletişim becerileri Tam Mesleki Yeterlilik,işletme reklamcılık pazarlama mühendislik veya diğer ilgili alanlarda lisans derecesi üç ve üzeri yıllık hesap yönetimi veya marka yönetimi deneyimi işi ve satış misyonunu ve rollerini iyi anlamak büyük hesapları yönetmede güçlü başarı sicili influencer pazarlama sosyal medya medya planlama veya bir fmcg şirketinde deneyim tercih sebebidir etkileyici pazarlama ekosistemi ve metrikleri hakkında güçlü bir anlayış mükemmel proje yönetimi ve müşteri yönetimi becerilerine sahip stratejik düşünür tüm karar verme düzeylerinde geniş bir insan yelpazesiyle başarılı projeler yürütme becerisi güçlü iş yargısı başkalarını etkilemek için kanıtlanmış yetenek bir sosyal medya ajansı medya planlama ajansı veya bir fmcg şirketinde deneyim tercih sebebidir güçlü analitik beceriler güçlü müzakere becerileri harika iletişimci yaratıcı zihin takım oyuncusu disiplinli kapsayıcı saygılı olumlu tutum çözüm odaklı mükemmel iletişim becerileri tam mesleki yeterlilik,positive,male-dominated
36,Project Manager,Manager/director/head,Elektrik Makine veya Endüstri Mühendisliği lisans derecesi Fransızca veya İngilizce sözlü ve yazılı akıcılık En az iki yıl proje yönetimi sözleşme yönetimi veya enerji jeneratör tercihen trafo alanında iş geliştirme deneyimi Güçlü sözlü ve yazılı iletişim becerileri ve güçlü kişilerarası ve liderlik becerileri Aynı anda birkaç projeyi koordine etme yeteneği Problemleri analiz etme ve çözme yeteneğinin gösterilmesi,elektrik makine veya endüstri mühendisliği lisans derecesi fransızca veya ingilizce sözlü ve yazılı akıcılık en az iki yıl proje yönetimi sözleşme yönetimi veya enerji jeneratör tercihen trafo alanında iş geliştirme deneyimi güçlü sözlü ve yazılı iletişim becerileri ve güçlü kişilerarası ve liderlik becerileri aynı anda birkaç projeyi koordine etme yeteneği problemleri analiz etme ve çözme yeteneğinin gösterilmesi,positive,male-dominated
37,Na,Manager/director/head,Üniversitelerin tercihen İktisat İşletme Maliye vb. bölümlerinden mezun Genel muhasebe ve bordro uygulamalarında en az üç yıl deneyimli Microsoft Office programlarını iyi düzeyde kullanabilen Tek düzen muhasebe hesap planı ve vergi uygulamaları konusuna hakim Vergi mevzuatına hakim B sınıfı sürücü belgesine sahip İletişim becerileri güçlü çözüm odaklı ve ekip çalışmasına yatkın,üniversitelerin tercihen iktisat işletme maliye vb. bölümlerinden mezun genel muhasebe ve bordro uygulamalarında en az üç yıl deneyimli microsoft office programlarını iyi düzeyde kullanabilen tek düzen muhasebe hesap planı ve vergi uygulamaları konusuna hakim vergi mevzuatına hakim b sınıfı sürücü belgesine sahip iletişim becerileri güçlü çözüm odaklı ve ekip çalışmasına yatkın,positive,male-dominated
38,Marketing Specialist,Manager/director/head,Üniversitelerin ilgili bölümlerinden mezun İleri düzeyde İngilizce Google Ads Analytics Linkedin hesaplarını yönetmiş ve hesap yönetimi konusunda en az iki-üç yıl deneyime sahip SEO bilgisine sahip Dijital pazarlama araçları ve kanalları hakkında bilgi sahibi MS Office uygulamalarını aktif olarak kullanabilen İstanbul Anadolu Yakası'nda ikamet eden veya edebilecek olan,üniversitelerin ilgili bölümlerinden mezun ileri düzeyde ingilizce google ads analytics linkedin hesaplarını yönetmiş ve hesap yönetimi konusunda en az iki-üç yıl deneyime sahip seo bilgisine sahip dijital pazarlama araçları ve kanalları hakkında bilgi sahibi ms office uygulamalarını aktif olarak kullanabilen istanbul anadolu yakası'nda ikamet eden veya edebilecek olan,neutral,male-dominated
39,Account Manager,Manager/director/head,Üniversitelerin ilgili bölümlerinden mezun İyi derecede İngilizce bilen ve aktif olarak kullanabilen Karayolu satış tecrübesine sahip Minimum bir yıl ilgili alanlarda satış ve portföy yönetimi tecrübesine sahip Operasyon süreçlerinin yanı sıra Satış odaklı çalışabilecek İletişimi kuvvetli değişime ve gelişime açık Analitik düşünme ve hızlı karar verme yeteneğine sahip Takım çalışması ve yoğun iş temposuna yatkın Temsil yeteneği kuvvetli MS Office uygulamalarına hakim Erkek adaylar için askerlik görevi tamamlanmış,üniversitelerin ilgili bölümlerinden mezun iyi derecede ingilizce bilen ve aktif olarak kullanabilen karayolu satış tecrübesine sahip minimum bir yıl ilgili alanlarda satış ve portföy yönetimi tecrübesine sahip operasyon süreçlerinin yanı sıra satış odaklı çalışabilecek iletişimi kuvvetli değişime ve gelişime açık analitik düşünme ve hızlı karar verme yeteneğine sahip takım çalışması ve yoğun iş temposuna yatkın temsil yeteneği kuvvetli ms office uygulamalarına hakim erkek adaylar için askerlik görevi tamamlanmış,positive,male-dominated
40,Marine Account Manager,Manager/director/head,Tercihen Mühendislik alanında lisans derecesi Deniz pazarında kanıtlanmış satış becerileri tercih edilen en az beş yıllık deneyim Çok iyi derecede sözlü ve yazılı İngilizce bilgisi Hesap yönetimi becerileri İyi bir MS Office komutu ile bilgisayar becerileri,tercihen mühendislik alanında lisans derecesi deniz pazarında kanıtlanmış satış becerileri tercih edilen en az beş yıllık deneyim çok iyi derecede sözlü ve yazılı ingilizce bilgisi hesap yönetimi becerileri iyi bir ms office komutu ile bilgisayar becerileri,neutral,male-dominated
41,Sales Specialist,Sales Representative/Specialist,Ana dili İngilizce olan ve çok dilli Türk Vatandaşlığı Satış ve pazarlama konusunda deneyimli ve ilgili Tercihen bir sağlık turizmi acentesinde en az iki yıl çalışmış Hasta ve hedef odaklı ekip çalışmasına yatkın Verilen tüm görevleri içinde bulunarak tamamlayabilen Yönetici ile sürekli iletişim halinde Online ve uzaktan çalışabilen İletişim becerileri kuvvetli telefonda ifade ve ikna kabiliyeti kuvvetli Sağlık turizmi alanında kendini geliştirebilecek Telefonla kesintisiz hasta iletişimi sağlayabilecek yüzyüze ve çevrimiçi,ana dili ingilizce olan ve çok dilli türk vatandaşlığı satış ve pazarlama konusunda deneyimli ve ilgili tercihen bir sağlık turizmi acentesinde en az iki yıl çalışmış hasta ve hedef odaklı ekip çalışmasına yatkın verilen tüm görevleri içinde bulunarak tamamlayabilen yönetici ile sürekli iletişim halinde online ve uzaktan çalışabilen iletişim becerileri kuvvetli telefonda ifade ve ikna kabiliyeti kuvvetli sağlık turizmi alanında kendini geliştirebilecek telefonla kesintisiz hasta iletişimi sağlayabilecek yüzyüze ve çevrimiçi,positive,male-dominated
42,Satış Temsilcisi,Sales Representative/Specialist,Üniversitelerin dört yıllık bölümlerinden veya iki yıllık yüksek okulların Sigortacılık Bankacılık ile ilgili bölümlerinden mezun Tercihen Segem ve Bireysel Emeklilik sertifika sahibi Sigortacılık veya Bankacılık sektöründe en az bir yıl satış alanında tecrübeli Temsil kabiliyetine sahip kendini geliştirmeye ve öğrenmeye açık Dinamik girişken ve başarı odaklı İletişim yeteneği gelişmiş takım çalışmasına yatkın Müşteri ve ilişki yönetiminde kendine güvenen MS Office programlarını iyi seviyede kullanabilen Seyahat engeli olmayan Erkek adaylar için askerlik görevini tamamlamış,üniversitelerin dört yıllık bölümlerinden veya iki yıllık yüksek okulların sigortacılık bankacılık ile ilgili bölümlerinden mezun tercihen segem ve bireysel emeklilik sertifika sahibi sigortacılık veya bankacılık sektöründe en az bir yıl satış alanında tecrübeli temsil kabiliyetine sahip kendini geliştirmeye ve öğrenmeye açık dinamik girişken ve başarı odaklı iletişim yeteneği gelişmiş takım çalışmasına yatkın müşteri ve ilişki yönetiminde kendine güvenen ms office programlarını iyi seviyede kullanabilen seyahat engeli olmayan erkek adaylar için askerlik görevini tamamlamış,positive,male-dominated
43,,Sales Representative/Specialist,Üniversitelerin ilgili bölümlerinden mezun Tercihen Gıda ve Ambalaj sektöründe deneyimli  İletişim yönü kuvvetli seyahat engeli olmayan ikna kabiliyeti yüksek Tercihen en az iki yıl tecrübeli Tercihen İngilizce bilen Ms Office programlarına hakim Takım çalışmasına yatkın Erkek adaylar için askerlikle ilişiği olmayan,üniversitelerin ilgili bölümlerinden mezun tercihen gıda ve ambalaj sektöründe deneyimli  iletişim yönü kuvvetli seyahat engeli olmayan ikna kabiliyeti yüksek tercihen en az iki yıl tecrübeli tercihen ingilizce bilen ms office programlarına hakim takım çalışmasına yatkın erkek adaylar için askerlikle ilişiği olmayan,positive,male-dominated
44,Sales Representative,Sales Representative/Specialist,Üniversitelerin İşletme Pazarlama veya Mühendislik bölümlerinden mezun Satış alanında kariyer hedefi olan girişken ve dış görünüşe önem veren Tercihen makine Plc ve otomasyon Sistemleri ile alakalı bilgi sahibi Tercihen İngilizce bilen İkna kabiliyeti yüksek satış odaklı Sorgulama ve araştırma yapabilen diksiyonu düzgün Analitik düşünme yetisine sahip Çözüm odaklı ve ekip çalışmasına uyumlu İş disiplini ve motivasyonu yüksek B sınıfı ehliyeti olan aktif araç kullanabilen ve seyahat engeli olmayan otuz beş yaşını aşmamış Esnek çalışma saatlerine uyum sağlayabilecek İş takibi ve sonuçlandırılması konusunda başarılı ve sorumluluk sahibi Erkek adaylar için askerlik hizmetini tamamlamış Sakarya’da ikamet eden,üniversitelerin işletme pazarlama veya mühendislik bölümlerinden mezun satış alanında kariyer hedefi olan girişken ve dış görünüşe önem veren tercihen makine plc ve otomasyon sistemleri ile alakalı bilgi sahibi tercihen ingilizce bilen ikna kabiliyeti yüksek satış odaklı sorgulama ve araştırma yapabilen diksiyonu düzgün analitik düşünme yetisine sahip çözüm odaklı ve ekip çalışmasına uyumlu iş disiplini ve motivasyonu yüksek b sınıfı ehliyeti olan aktif araç kullanabilen ve seyahat engeli olmayan otuz beş yaşını aşmamış esnek çalışma saatlerine uyum sağlayabilecek iş takibi ve sonuçlandırılması konusunda başarılı ve sorumluluk sahibi erkek adaylar için askerlik hizmetini tamamlamış sakarya’da ikamet eden,positive,male-dominated
45,Sales Specialist,Sales Representative/Specialist,İlgili alanda bir yıldan fazla deneyim Mükemmel kişilerarası becerilerle birlikte bağımsız çalışma yeteneği Satış müzakere ve iletişim becerileri güçlü Microsoft ofisi ve satış araçlarına aşina İngilizce ,ilgili alanda bir yıldan fazla deneyim mükemmel kişilerarası becerilerle birlikte bağımsız çalışma yeteneği satış müzakere ve iletişim becerileri güçlü microsoft ofisi ve satış araçlarına aşina ingilizce ,positive,male-dominated
46,Satış Temsilcisi,Sales Representative/Specialist,Alüminyum sektöründe daha önce çalışmış Daha önce şirketlerin satış departmanlarında çalışmış ve deneyimli İyi derecede Office programlarına hakim ERP kullanım konusunda deneyimli Özgüveni yüksek girişken diksiyonu düzgün ve dış görünümüne dikkat eden Satış ve satış sonrası tüm süreçlere hakim olan Proaktif hızlı aksiyon alabilen Yurtiçi seyehat engeli olmayan Sadece Beylikdüzü ve çevre ilçelerden,alüminyum sektöründe daha önce çalışmış daha önce şirketlerin satış departmanlarında çalışmış ve deneyimli iyi derecede office programlarına hakim erp kullanım konusunda deneyimli özgüveni yüksek girişken diksiyonu düzgün ve dış görünümüne dikkat eden satış ve satış sonrası tüm süreçlere hakim olan proaktif hızlı aksiyon alabilen yurtiçi seyehat engeli olmayan sadece beylikdüzü ve çevre ilçelerden,positive,male-dominated
47,Sales Specialist,Sales Representative/Specialist,Üniversite mezunu Tercihen İşletme Elektrik elektronik Tercihen kesintisiz güç kaynağı veya Endüstriyel ürünler sektöründe tecrübe sahibi Satış ve Pazarlama konularında minimum beş yıl tecrübesi bulunan Seyahat engeli bulunmayan İş disiplinini önemseyen sorumluluk sahibi takım çalışmasına yatkın MS Office programlarına hâkim Erkek adaylar için askerlik görevini tamamlamış,üniversite mezunu tercihen işletme elektrik elektronik tercihen kesintisiz güç kaynağı veya endüstriyel ürünler sektöründe tecrübe sahibi satış ve pazarlama konularında minimum beş yıl tecrübesi bulunan seyahat engeli bulunmayan iş disiplinini önemseyen sorumluluk sahibi takım çalışmasına yatkın ms office programlarına hâkim erkek adaylar için askerlik görevini tamamlamış,positive,male-dominated
48,Receptionist,Receptionist,Üniversitelerin ilgili bölümlerinden mezun Tercihen daha önce beş yıldızlı otellerde deneyim sahibi İleri derecede İngilizce bilen Dış görünüşüne özen gösteren diksiyonu düzgün Proaktif düşünce yapısına sahip Vardiyalı çalışabilecek Güler yüzlü Kişisel gelişimine özen gösteren Erkek adaylar için askerlik hizmetini tamamlamış Planlama ve organizasyon becerisi yüksek Yazılı ve sözlü iletişim dahil olmak üzere mükemmel müşteri hizmetleri becerisi sergileyen Sorumluluk ve disiplin sahibiEkip çalışmasına uyum sağlayan Birden fazla görevi önceliklendirme ve yönetme yeteneğine sahip,üniversitelerin ilgili bölümlerinden mezun tercihen daha önce beş yıldızlı otellerde deneyim sahibi ileri derecede ingilizce bilen dış görünüşüne özen gösteren diksiyonu düzgün proaktif düşünce yapısına sahip vardiyalı çalışabilecek güler yüzlü kişisel gelişimine özen gösteren erkek adaylar için askerlik hizmetini tamamlamış planlama ve organizasyon becerisi yüksek yazılı ve sözlü iletişim dahil olmak üzere mükemmel müşteri hizmetleri becerisi sergileyen sorumluluk ve disiplin sahibiekip çalışmasına uyum sağlayan birden fazla görevi önceliklendirme ve yönetme yeteneğine sahip,positive,female-dominated
49,Receptionist,Receptionist,Tercihen Lise yüksek okul veya üniversitelerin Turizm ve Otelcilik bölümlerinden mezun İngilizce bilen Aynı pozisyonda minimum bir Yıl tecrübeli Tercihen Elektra ön büro programını kullanabilen Çözüm odaklı yaklaşıma sahip problem çözme kabiliyeti yüksek Güler yüzlü çalışmayı ilke edinmiş Esnek çalışma saatlerine ayak uydurabilecek Dış görünümüne önem veren,tercihen lise yüksek okul veya üniversitelerin turizm ve otelcilik bölümlerinden mezun ingilizce bilen aynı pozisyonda minimum bir yıl tecrübeli tercihen elektra ön büro programını kullanabilen çözüm odaklı yaklaşıma sahip problem çözme kabiliyeti yüksek güler yüzlü çalışmayı ilke edinmiş esnek çalışma saatlerine ayak uydurabilecek dış görünümüne önem veren,negative,female-dominated
50,Receptionist,Receptionist,Tercihen Üniversitelerin Turizm Otelcilik Meslek Yüksekokulu mezunu Konusunda en az iki yıl tecrübeli İngilizceyi iyi derecede kullanabilen MS Office programlarına hakim Tercihen ElektraWeb Otelcilik programı bilen Vardiyalı çalışabilecek Güler yüzlü pozitif dış görünüşe ve kişisel öz bakımına özen gösteren İnsan ilişkilerinde başarılı iletişim ve problem çözme becerisi yüksek,tercihen üniversitelerin turizm otelcilik meslek yüksekokulu mezunu konusunda en az iki yıl tecrübeli ingilizceyi iyi derecede kullanabilen ms office programlarına hakim tercihen elektraweb otelcilik programı bilen vardiyalı çalışabilecek güler yüzlü pozitif dış görünüşe ve kişisel öz bakımına özen gösteren insan ilişkilerinde başarılı iletişim ve problem çözme becerisi yüksek,negative,female-dominated
51,Resepsiyon Görevlisi,Receptionist,Üniversitelerin Turizm Otelcilik veya ilgili bölümlerinden mezun Otel rezervasyon biriminde en az iki yıl deneyim sahibi İyi derecede İngilizce bilen Tercihen Sistem Otel ve Mikro Yazılım Programını bilen İkna ve iletişim kabiliyeti yüksek Maltepe veya yakın bölgelerde İkamet eden,üniversitelerin turizm otelcilik veya ilgili bölümlerinden mezun otel rezervasyon biriminde en az iki yıl deneyim sahibi iyi derecede ingilizce bilen tercihen sistem otel ve mikro yazılım programını bilen ikna ve iletişim kabiliyeti yüksek maltepe veya yakın bölgelerde ikamet eden,neutral,female-dominated
52,Resepsiyon Görevlisi,Receptionist,Üniversitelerin Turizm Otelcilik bölümlerinden mezun Benzer poziyonda deneyimi olan Vardiyalı olarak çalışabilecek İngilizce bilen Diksiyonu düzgün iletişimi kuvvetliçözüm üretebilen Takım çalışmasına uyumlu,üniversitelerin turizm otelcilik bölümlerinden mezun benzer poziyonda deneyimi olan vardiyalı olarak çalışabilecek ingilizce bilen diksiyonu düzgün iletişimi kuvvetliçözüm üretebilen takım çalışmasına uyumlu,negative,female-dominated
53,Ön Muhasebe ve Ofis Asistanı,Receptionist,Tercihen lisans veya ön lisans mezunu Planlama organizasyon ve koordinasyon becerilerine sahip İletişim problem çözme planlama becerileri gelişmiş ve ekip çalışmasına yatkın Prezentabl dinamik sorumluluk sahibi Ön muhasebe ve ofis yönetimi konusunda tecrübeli Diksiyon yeteneği gelişmiş İş disiplinine önem veren sorumluluk sahibi iş takibi güçlü Her türlü ofis sorumluluğunu alabilecek günlük ofis işlerinin yürütüp gerekli koordinasyonu sağlayacak İlgili bilgisayar programlarına hakim İnsan ilişkileri kuvvetli,tercihen lisans veya ön lisans mezunu planlama organizasyon ve koordinasyon becerilerine sahip iletişim problem çözme planlama becerileri gelişmiş ve ekip çalışmasına yatkın prezentabl dinamik sorumluluk sahibi ön muhasebe ve ofis yönetimi konusunda tecrübeli diksiyon yeteneği gelişmiş iş disiplinine önem veren sorumluluk sahibi iş takibi güçlü her türlü ofis sorumluluğunu alabilecek günlük ofis işlerinin yürütüp gerekli koordinasyonu sağlayacak ilgili bilgisayar programlarına hakim insan ilişkileri kuvvetli,negative,female-dominated
54,Front Desk Receptionist,Receptionist,Turizm ve otelcilik alanında eğitim almış Resepsiyonist olarak en az iki yıl deneyimli İyi derecede ingilizce bilgisine sahip olan Opera ve Mc Office programlarına hakim Temsil ve ikna yeteneği olan İnsan ilişkilerinde başarılı Takım çalışmasına inanan Güleryüzlü,turizm ve otelcilik alanında eğitim almış resepsiyonist olarak en az iki yıl deneyimli iyi derecede ingilizce bilgisine sahip olan opera ve mc office programlarına hakim temsil ve ikna yeteneği olan insan ilişkilerinde başarılı takım çalışmasına inanan güleryüzlü,negative,female-dominated
55,Elementary School Teacher,Teaching/Teacher,Bir öğretmen olarak kanıtlanmış deneyim Okulun politikalarını ve prosedürlerini takip etme istekliliği ile ortak en iyi uygulamaları ve yasal eğitim yönergelerini öğretme konusunda kapsamlı bilgi Mükemmel iletişim ve kişilerarası beceriler İyi organize edilmiş ve kararlı Yaratıcı ve enerjik Güçlü ahlaki değerler ve disiplin Eğitim sertifikası ile öğretim veya özel bir konuda derece,bir öğretmen olarak kanıtlanmış deneyim okulun politikalarını ve prosedürlerini takip etme istekliliği ile ortak en iyi uygulamaları ve yasal eğitim yönergelerini öğretme konusunda kapsamlı bilgi mükemmel iletişim ve kişilerarası beceriler iyi organize edilmiş ve kararlı yaratıcı ve enerjik güçlü ahlaki değerler ve disiplin eğitim sertifikası ile öğretim veya özel bir konuda derece,negative,female-dominated
56,Child Development Specialist,Teaching/Teacher,Lise veya önlisans çocuk gelişimi veya okul öncesi mezunu iletişim becerileri kuvvetli prezentabl güleryüzlü enrejik yaratıcı ve üretici yönü kuvvetli ekip çalışmasına ayak uydurabilen deneyimli,lise veya önlisans çocuk gelişimi veya okul öncesi mezunu iletişim becerileri kuvvetli prezentabl güleryüzlü enrejik yaratıcı ve üretici yönü kuvvetli ekip çalışmasına ayak uydurabilen deneyimli,negative,female-dominated
57,Öğretmen,Teaching/Teacher,Mesleki yeterliliğe sahip  Alan bilgisi güçlü Çalışma Disiplini olan  Ögrenci İletişimi Güçlü Soru Çözümünde Hızlı,mesleki yeterliliğe sahip  alan bilgisi güçlü çalışma disiplini olan  ögrenci iletişimi güçlü soru çözümünde hızlı,neutral,female-dominated
58,Sınıf Öğretmeni,Teaching/Teacher,Üniversitelerin Sınıf Öğretmenliği bölümünden mezunu Sınıf yönetimi becerisine sahip İletişim gücü yüksek Mesleğini ve çocukları seven Takım çalışmasına yatkın Mebbis e-okul vb. programları kullanabilen BEP hazırlamayı bilen Eğitim ve bilişim teknolojilerini yakından takip eden Sistemli ve düzenli çalışmayı kendine ilke edinmiş ,üniversitelerin sınıf öğretmenliği bölümünden mezunu sınıf yönetimi becerisine sahip iletişim gücü yüksek mesleğini ve çocukları seven takım çalışmasına yatkın mebbis e-okul vb. programları kullanabilen bep hazırlamayı bilen eğitim ve bilişim teknolojilerini yakından takip eden sistemli ve düzenli çalışmayı kendine ilke edinmiş ,negative,female-dominated
59,Sınıf Öğretmeni,Teaching/Teacher,Üniversitelerin Sınıf Öğretmenliği bölümü mezunu Pedagojik formasyon sertifikasına sahip Alanında deneyim sahibi Güncel mesleki gelişmeleri takip eden İletişim ve temsil yeteneği güçlü Ekip çalışmasına yatkın Eğitim Teknolojilerini etkin olarak kullanabilen Erkek adaylarda askerlik yükümlülüğü bulunmayan,üniversitelerin sınıf öğretmenliği bölümü mezunu pedagojik formasyon sertifikasına sahip alanında deneyim sahibi güncel mesleki gelişmeleri takip eden iletişim ve temsil yeteneği güçlü ekip çalışmasına yatkın eğitim teknolojilerini etkin olarak kullanabilen erkek adaylarda askerlik yükümlülüğü bulunmayan,negative,female-dominated
60,English Teacher,Teaching/Teacher,Full time çalışabilecek Tercihen ikinci dil olarak Ispanyolca bilen Üniversitelerin ilgili bölümünden mezun CELTA TESOL TEFL vb sertifikalara ve Pedagojik formasyona sahip olmak kaydıyla İngiliz Dili ve Edebiyatı Mütercim Tercümanlık vb. lisans bölümlerinden mezun Okul öncesi eğitim kurumlarında çalışmış MS Office programlarına hakim İletişimi güçlü Enerjik yaratıcı güleryüzlü çocukları seven Takım çalışmasına yatkın yeniliklere açık Kariyer hedefi olan ve kendini geliştirmeye açık Dış görünüşüne özen gösteren Esnek çalışma saatlerine yatkın İstanbul Anadolu yakasında ikamet eden,full time çalışabilecek tercihen ikinci dil olarak ispanyolca bilen üniversitelerin ilgili bölümünden mezun celta tesol tefl vb sertifikalara ve pedagojik formasyona sahip olmak kaydıyla ingiliz dili ve edebiyatı mütercim tercümanlık vb. lisans bölümlerinden mezun okul öncesi eğitim kurumlarında çalışmış ms office programlarına hakim iletişimi güçlü enerjik yaratıcı güleryüzlü çocukları seven takım çalışmasına yatkın yeniliklere açık kariyer hedefi olan ve kendini geliştirmeye açık dış görünüşüne özen gösteren esnek çalışma saatlerine yatkın istanbul anadolu yakasında ikamet eden,negative,female-dominated
61,Tarih Öğretmeni,Teaching/Teacher,Üniversitelerin Tarih Tarih Öğretmenliği bölümlerinden mezun pedagojik formasyon belgesine sahip Milli Eğitim tarafından Özel Öğretim Kurumlarına atanma kriterlerini taşıyan Alanında en az beş yıl deneyime sahip Güncel sınav uygulamalarına hakim Disiplinlerarası çalışmalara açık proje çalışmaları yürütmüş üretken Yeniliklere ve gelişime açık vizyon sahibi Kendi alanındaki mesleki gelişmeleri güncel olarak takip eden ve alanında en iyi olmayı hedefleyen Çağdaş eğitim yöntem ve teknolojilerini kullanabilen İletişim becerisi kuvvetli öğrenci ve veli iletişiminde başarılı Takım çalışmasına yatkın işbirlikçi Öğretmenlik mesleği için heyecan duyan motivasyonu yüksek,üniversitelerin tarih tarih öğretmenliği bölümlerinden mezun pedagojik formasyon belgesine sahip milli eğitim tarafından özel öğretim kurumlarına atanma kriterlerini taşıyan alanında en az beş yıl deneyime sahip güncel sınav uygulamalarına hakim disiplinlerarası çalışmalara açık proje çalışmaları yürütmüş üretken yeniliklere ve gelişime açık vizyon sahibi kendi alanındaki mesleki gelişmeleri güncel olarak takip eden ve alanında en iyi olmayı hedefleyen çağdaş eğitim yöntem ve teknolojilerini kullanabilen iletişim becerisi kuvvetli öğrenci ve veli iletişiminde başarılı takım çalışmasına yatkın işbirlikçi öğretmenlik mesleği için heyecan duyan motivasyonu yüksek,negative,female-dominated
62,Sınıf Öğretmeni,Teaching/Teacher,idealist eğitim teknolojilerine hakim takım çalışmasına yatkın Üniversitelerin Sınıf Öğretmenliği bölümünden mezun,idealist eğitim teknolojilerine hakim takım çalışmasına yatkın üniversitelerin sınıf öğretmenliği bölümünden mezun,negative,female-dominated
63,Bilet Satış Personeli,Flight Attendant/Ticket Sales specialist,"Üniversitelerin lisans bölümlerinden mezun İyi derecede yazılı ve sözlü İngilizce bilen Yurt içi ve yurt dışı uçak bileti rezervasyon satış değişiklik ve iade işlemlerine hakim Uçak bilet rezervasyonu ve satışı konusunda tercihen bir yıl tecrübeli Tercihen Amadeus ve Quickres rezervasyon sistemine hakim MS Office programlarına hakim
İletişim becerileri kuvvetli ve problem çözme yeteneği güçlü Müşteri memnuniyeti odaklı Dinamik hızlı ve aktif bir şekilde çalışan Satış alanında kariyer hedefleyen Tam zamanlı ve esnek çalışma saatlerine uyum sağlayabilecek","üniversitelerin lisans bölümlerinden mezun iyi derecede yazılı ve sözlü ingilizce bilen yurt içi ve yurt dışı uçak bileti rezervasyon satış değişiklik ve iade işlemlerine hakim uçak bilet rezervasyonu ve satışı konusunda tercihen bir yıl tecrübeli tercihen amadeus ve quickres rezervasyon sistemine hakim ms office programlarına hakim
iletişim becerileri kuvvetli ve problem çözme yeteneği güçlü müşteri memnuniyeti odaklı dinamik hızlı ve aktif bir şekilde çalışan satış alanında kariyer hedefleyen tam zamanlı ve esnek çalışma saatlerine uyum sağlayabilecek",negative,female-dominated
64,Kurumsal Bilet Satış Temsilcisi,Flight Attendant/Ticket Sales specialist,Havayolları bilet satışı konusunda en az üç yıl deneyimli İnsan ilişkileri kuvvetli analitik düşünce yapısına sahip problemleri çözme odaklı Hareketli iş temposuna ayak uydurabilecek Seyahat ile ilgili ortaya çıkan her türlü konuya hakim Havayolu rezervasyon sistemleri Sabre ve Quikres’i iyi derecede kullanabilen MS Office programlarına hakim Tercihen İngilizceyi sözlü ve yazılı olarak kullanabilen Erkek adaylar için askerlik görevini tamamlamış Esnek Çalışma saatlerine uyum sağlayabilecek,havayolları bilet satışı konusunda en az üç yıl deneyimli insan ilişkileri kuvvetli analitik düşünce yapısına sahip problemleri çözme odaklı hareketli iş temposuna ayak uydurabilecek seyahat ile ilgili ortaya çıkan her türlü konuya hakim havayolu rezervasyon sistemleri sabre ve quikres’i iyi derecede kullanabilen ms office programlarına hakim tercihen ingilizceyi sözlü ve yazılı olarak kullanabilen erkek adaylar için askerlik görevini tamamlamış esnek çalışma saatlerine uyum sağlayabilecek,positive,female-dominated
65,Ticket Sales Specialist,Flight Attendant/Ticket Sales specialist,Kurumsal firma ve kuruluşlara yurt dışı ve yurt içi uçak bileti hizmet konusunda en az üç yıl deneyimli Amadeus Quickres Pegasus Sun Express sistemlerini çok iyi derecede kullanabilen Üniversite mezunu Tercihen İngilizce bilen MS Office programlarını kullanabilen Müşteri memnuniyeti odaklı çalışabilen sorumluluk sahibi İletişim becerileri gelişmiş ve problem çözme yeteneğine sahip Takım çalışmasına yatkın Vardiya sisteminde çalışabilecek,kurumsal firma ve kuruluşlara yurt dışı ve yurt içi uçak bileti hizmet konusunda en az üç yıl deneyimli amadeus quickres pegasus sun express sistemlerini çok iyi derecede kullanabilen üniversite mezunu tercihen ingilizce bilen ms office programlarını kullanabilen müşteri memnuniyeti odaklı çalışabilen sorumluluk sahibi iletişim becerileri gelişmiş ve problem çözme yeteneğine sahip takım çalışmasına yatkın vardiya sisteminde çalışabilecek,negative,female-dominated
66,Uçak Bilet Satış,Flight Attendant/Ticket Sales specialist,Troya biletleme iptal değişiklik konusunda en az iki yıl tecrübeli PegasusQuickres ve Sun Express sistemlerini kullanabilen Müşteri ilişkilerinde başarılı İş takibi kuvvetli Firma kültürüne uyabilecek Müşteri odaklı ve iletişim yeteneği güçlü dakik güvenli hatasız hizmet sunan Bilgisayar ve Office programlarını kullanabilen Askerliğini yükümlülüğünü yerine getirmiş ANTALYA da ikamet eden Yabancı dil bilgisine sahip tercihen Rusca Mesleki Ingilizce bilen,troya biletleme iptal değişiklik konusunda en az iki yıl tecrübeli pegasusquickres ve sun express sistemlerini kullanabilen müşteri ilişkilerinde başarılı iş takibi kuvvetli firma kültürüne uyabilecek müşteri odaklı ve iletişim yeteneği güçlü dakik güvenli hatasız hizmet sunan bilgisayar ve office programlarını kullanabilen askerliğini yükümlülüğünü yerine getirmiş antalya da ikamet eden yabancı dil bilgisine sahip tercihen rusca mesleki ingilizce bilen,negative,female-dominated
67,Kabin Memuru,Flight Attendant/Ticket Sales specialist,İnsan ilişkilerinde başarılı Güler yüzlü saygılı Diksiyonu düzgün Dış görünümüne önem veren Kendine güvenen on sekiz-otuz beş yaş arası Askerliğini yapmış veya en az bir yıl tecilli Seyahat engeli olmayan,insan ilişkilerinde başarılı güler yüzlü saygılı diksiyonu düzgün dış görünümüne önem veren kendine güvenen on sekiz-otuz beş yaş arası askerliğini yapmış veya en az bir yıl tecilli seyahat engeli olmayan,negative,female-dominated
68,Endüstri Mühendisi,Engineering,Üniversitelerin dört yıllık Endüstri mühendisliği bölümünden mezun En az üç yıl iş tecrübesine sahip İyi derecede İngilizce veya Almanca bilen Analitik düşünme ve analiz yeteneği kuvvetli ERP sistemi metodolojisine hakim MS Office programlarını etkin olarak kullanabilen Erkek adaylar için askerlik hizmetini tamamlamış ya da muaf olan En az B sınıfı ehliyeti olan ve aktif araç kullanabilen Yurtdışı seyahat engeli bulunmayan Metal sektöründe üretim proseslerine hakim,üniversitelerin dört yıllık endüstri mühendisliği bölümünden mezun en az üç yıl iş tecrübesine sahip iyi derecede ingilizce veya almanca bilen analitik düşünme ve analiz yeteneği kuvvetli erp sistemi metodolojisine hakim ms office programlarını etkin olarak kullanabilen erkek adaylar için askerlik hizmetini tamamlamış ya da muaf olan en az b sınıfı ehliyeti olan ve aktif araç kullanabilen yurtdışı seyahat engeli bulunmayan metal sektöründe üretim proseslerine hakim,positive,male-dominated
69,Uygulama Mühendisi / Elektromanyetik Simülasyon (HF),Engineering,Elektrik Elektronik veya Mekatronik mühendisliği bölümlerinden mezun olmak Erkek adaylar için askerlik hizmetini tamamlamış veya muaf olmak Altair FekoAltair WinProp veya benzeri yüksek frekanslı elektromanyetik simülasyon araçlarının kullanımı ve uygulamasında tecrübe sahibi olmak İyi seviyede ingilizce bilmek Ekip çalışmasına yatkın olmak Analitik düşünme ve problem çözme yeteneğine sahip olmak Kendi kendine öğrenme yoluyla uzmanlığını artırma yeteneğine sahip olmak Yeni mühendislik becerilerini ve yazılımlarını hızlı ve bağımsız bir şekilde öğrenme becerisine sahip olmak Seyahat engeli bulunmamak Bursa'da ikamet eden veya edebilecek,elektrik elektronik veya mekatronik mühendisliği bölümlerinden mezun olmak erkek adaylar için askerlik hizmetini tamamlamış veya muaf olmak altair fekoaltair winprop veya benzeri yüksek frekanslı elektromanyetik simülasyon araçlarının kullanımı ve uygulamasında tecrübe sahibi olmak iyi seviyede ingilizce bilmek ekip çalışmasına yatkın olmak analitik düşünme ve problem çözme yeteneğine sahip olmak kendi kendine öğrenme yoluyla uzmanlığını artırma yeteneğine sahip olmak yeni mühendislik becerilerini ve yazılımlarını hızlı ve bağımsız bir şekilde öğrenme becerisine sahip olmak seyahat engeli bulunmamak bursa'da ikamet eden veya edebilecek,positive,male-dominated
70,Satış Mühendisi,Engineering,"Üniversitelerin mühendislik fakültelerinden mezun Üretim veya endüstri sektörlerinde satış alanında iki yıl iş tecrübesine sahip Tercihen Sıhhi Tesisat veya Doğalgaz sektöründe tecrübeli Yenilikçi dinamik ve motivasyonu yüksek Analitik düşünebilen hızlı ve sonuç odaklı İkna kabiliyeti yüksek iletişim becerisi kuvvetli Satış ve İnsan ilişkilerinde başarılı temsil yeteneğine sahip MS Office programlarını etkin kullanabilen Seyahat engeli olmayan B sınıfı Sürücü ehliyeti bulunan Planlama ve iş takibi konusunda disiplinli Müşteri talep ve ihtiyaçlarını analiz edip müşterilere uygun çözümleri konumlandırmak dinamizme sahip İş ve takım arkadaşları ile tam uyum içinde çalışıp şirketin ürün ve hizmetleri müşterilere ulaştırmasına katkı sağlamak
İş takibini iyi yapabilen ve sonuç odaklı Enerjisi yüksek ve pozitif takım çalışmasında başarılı Yazılı ve sözlü iletişim organizasyon planlama takip ve raporlama yönü kuvvetli Sistemli ve düzenli çalışma prensibine sahip takipçi ve sonuç odaklı Esnek çalışma saatlerine uyum sağlayabilecek","üniversitelerin mühendislik fakültelerinden mezun üretim veya endüstri sektörlerinde satış alanında iki yıl iş tecrübesine sahip tercihen sıhhi tesisat veya doğalgaz sektöründe tecrübeli yenilikçi dinamik ve motivasyonu yüksek analitik düşünebilen hızlı ve sonuç odaklı ikna kabiliyeti yüksek iletişim becerisi kuvvetli satış ve insan ilişkilerinde başarılı temsil yeteneğine sahip ms office programlarını etkin kullanabilen seyahat engeli olmayan b sınıfı sürücü ehliyeti bulunan planlama ve iş takibi konusunda disiplinli müşteri talep ve ihtiyaçlarını analiz edip müşterilere uygun çözümleri konumlandırmak dinamizme sahip iş ve takım arkadaşları ile tam uyum içinde çalışıp şirketin ürün ve hizmetleri müşterilere ulaştırmasına katkı sağlamak
iş takibini iyi yapabilen ve sonuç odaklı enerjisi yüksek ve pozitif takım çalışmasında başarılı yazılı ve sözlü iletişim organizasyon planlama takip ve raporlama yönü kuvvetli sistemli ve düzenli çalışma prensibine sahip takipçi ve sonuç odaklı esnek çalışma saatlerine uyum sağlayabilecek",positive,male-dominated
71,Proje Mühendisi,Engineering,Bulunduğu pozisyonda en az üç yıl bilgi ve deneyime sahip olmak dört yıllık üniversitelerin mühendislik bölümünden mezun olmak Ekip çalışmasına yatkın ve sorumluluk sahibi olmak APQP konusunda bilgi sahibi olmak Stres altında dikkatli ve titiz çalışabilmek ve doğru karar alabilmek İleri derecede İngilizce bilgisi,bulunduğu pozisyonda en az üç yıl bilgi ve deneyime sahip olmak dört yıllık üniversitelerin mühendislik bölümünden mezun olmak ekip çalışmasına yatkın ve sorumluluk sahibi olmak apqp konusunda bilgi sahibi olmak stres altında dikkatli ve titiz çalışabilmek ve doğru karar alabilmek ileri derecede ingilizce bilgisi,positive,male-dominated
72,Uygulama Mühendisi / Uzman Yapısal Analiz,Engineering,Makina otomotiv veya uçak mühendisliği bölümlerinden mezun olmak En az üç yıl sonlu eleman analizi yazılımı kullanarak projeler gerçekleştirmiş olmak Erkek adaylar için askerlik hizmetini tamamlamış ya da muaf olmak İyi seviyede ingilizce bilmek Yeni mühendislik becerilerini ve yazılımlarını hızlı ve bağımsız bir şekilde öğrenme becerisine sahip olmak Ekip çalışmasına ve araştırmaya yatkın olmak Bursa'da ikamet eden veya edebilecek,makina otomotiv veya uçak mühendisliği bölümlerinden mezun olmak en az üç yıl sonlu eleman analizi yazılımı kullanarak projeler gerçekleştirmiş olmak erkek adaylar için askerlik hizmetini tamamlamış ya da muaf olmak iyi seviyede ingilizce bilmek yeni mühendislik becerilerini ve yazılımlarını hızlı ve bağımsız bir şekilde öğrenme becerisine sahip olmak ekip çalışmasına ve araştırmaya yatkın olmak bursa'da ikamet eden veya edebilecek,positive,male-dominated
73,Project Engineer,Engineering,Üniversitelerin Mühendislik fakültelerinden mezun Tercihen Elektrik Elektronik Mühendisi İyi derecede İngilizce bilen B Sınıfı sürücü belgesine sahip ve seyahat engeli olmayan Tercihen akıllı ev ve bina otomasyon sistemleri üzerine benzer pozisyonlarda çalışmış Erkek adaylar için askerlik görevini yapmış İyi derecede Autocad ve Microsoft Office bilgisine sahip Temel düzeyde network ve ağ bilgisine sahip Teknolojiye meraklı öğrenmeye ve gelişime açık,üniversitelerin mühendislik fakültelerinden mezun tercihen elektrik elektronik mühendisi iyi derecede ingilizce bilen b sınıfı sürücü belgesine sahip ve seyahat engeli olmayan tercihen akıllı ev ve bina otomasyon sistemleri üzerine benzer pozisyonlarda çalışmış erkek adaylar için askerlik görevini yapmış iyi derecede autocad ve microsoft office bilgisine sahip temel düzeyde network ve ağ bilgisine sahip teknolojiye meraklı öğrenmeye ve gelişime açık,positive,male-dominated
74,Çevre Mühendisi,Engineering,En az üç Yıl üzeri Çevre Danışmanlığı Çevre İzni Ve Raporlama Konularında veya Atıksu Arıtma Tesisi İşletme Ve Bakım Konusunda Tecrübeli Sinop İlinde ikamet eden veya edebilecek olan Seyahat Engeli Olmayan Aktif Araç Kullanabilen Kendini Geliştiren Öğrenmeye Açık Disiplinli Çalışabilen Sorumluluk Sahibi Çevre Mevzuatlarına Ve Entegre Çevre Bilgi Sistemine Hakim Microsoft Office Uygulamalarına Hakim Takım Çalışmasına Yatkın İletişim Kabiliyeti Yüksek Analitik Düşünüp Çözüm Odaklı Çalışabilen İkna Kabiliyeti Yüksek İnsan İlişkileri Güçlü,en az üç yıl üzeri çevre danışmanlığı çevre izni ve raporlama konularında veya atıksu arıtma tesisi işletme ve bakım konusunda tecrübeli sinop ilinde ikamet eden veya edebilecek olan seyahat engeli olmayan aktif araç kullanabilen kendini geliştiren öğrenmeye açık disiplinli çalışabilen sorumluluk sahibi çevre mevzuatlarına ve entegre çevre bilgi sistemine hakim microsoft office uygulamalarına hakim takım çalışmasına yatkın iletişim kabiliyeti yüksek analitik düşünüp çözüm odaklı çalışabilen ikna kabiliyeti yüksek insan ilişkileri güçlü,positive,male-dominated
75,Software Engineer,Engineering,Temel ön uç kavramlarına aşinalık Git ile deneyim güvenlik ilkeleri ve güvenli kodlama konusunda sağlam bir anlayış ERP sistemleri geliştirmede deneyim,temel ön uç kavramlarına aşinalık git ile deneyim güvenlik ilkeleri ve güvenli kodlama konusunda sağlam bir anlayış erp sistemleri geliştirmede deneyim,neutral,male-dominated
76,Ziraat Mühendisi,Engineering,Saha deneyimi olan Ziraat Mühendisi Gübre saha teknik destek ve satış alanında en az beş yıl tecrübeli B sınıfı ehliyete sahip Erkek adaylar için askerlik görevini tamamlamış ya da muaf Seyahat engeli olmayan,saha deneyimi olan ziraat mühendisi gübre saha teknik destek ve satış alanında en az beş yıl tecrübeli b sınıfı ehliyete sahip erkek adaylar için askerlik görevini tamamlamış ya da muaf seyahat engeli olmayan,neutral,male-dominated
77,Management Trainee (Yeni Mezun Mühendis),Engineering,Üniversitelerin Endüstri Mühendisliği Tekstil Mühendisliği fakültelerinden mezun Tercihen süreç yönetimi ve yalınlaşma konularında staj tecrübeli Proje yönetimi konusunda istekli Öğrenmeye istekli Kalite ve müşteri odaklı Detaylı araştırma ve analiz becerisine sahip Ekip çalışmasına yatkın yazılı ve sözlü iletişim kabiliyeti yüksek Erkek adaylar için askerliğini tamamlamış ya da iki yıl tecilli,üniversitelerin endüstri mühendisliği tekstil mühendisliği fakültelerinden mezun tercihen süreç yönetimi ve yalınlaşma konularında staj tecrübeli proje yönetimi konusunda istekli öğrenmeye istekli kalite ve müşteri odaklı detaylı araştırma ve analiz becerisine sahip ekip çalışmasına yatkın yazılı ve sözlü iletişim kabiliyeti yüksek erkek adaylar için askerliğini tamamlamış ya da iki yıl tecilli,positive,male-dominated
78,Denetmen,Controller/Inspector/Supervisor,Tercihen Üniversitelerin Mimarlık İnşaat Mühendisliği Harita Mühendisliği veya Şehir ve Bölge Planlama bölümlerinden mezun Sermaye Piyasası Kurulu Gayrimenkul Değerleme lisansına sahip Tecrübe şartını yıl olarak doldurmuş ve beş yıllık Tecrübe Belgesine sahip Mesleki Uzmanlık Seviyesi Yüksek olan Tercihen gelir getiren mülklerin saha ve kontrol çalışmalarında uzmanlaşmış Sektörde öncü olan bankaların şartname ve uygulamalarına hakim Türkiye’nin her bölgesinde ticari ve nitelikli raporların kontrolünü sağlamış Yoğun iş temposuna adaptasyon sağlayabilen İletişim becerisi yüksek Kalite ve sonuç odaklı Ekip Çalışmasına yatkın Strese Dayanıklı Koordinasyon becerisi yüksek analitik düşünce ve araştırmacı yapıya sahip,tercihen üniversitelerin mimarlık inşaat mühendisliği harita mühendisliği veya şehir ve bölge planlama bölümlerinden mezun sermaye piyasası kurulu gayrimenkul değerleme lisansına sahip tecrübe şartını yıl olarak doldurmuş ve beş yıllık tecrübe belgesine sahip mesleki uzmanlık seviyesi yüksek olan tercihen gelir getiren mülklerin saha ve kontrol çalışmalarında uzmanlaşmış sektörde öncü olan bankaların şartname ve uygulamalarına hakim türkiye’nin her bölgesinde ticari ve nitelikli raporların kontrolünü sağlamış yoğun iş temposuna adaptasyon sağlayabilen iletişim becerisi yüksek kalite ve sonuç odaklı ekip çalışmasına yatkın strese dayanıklı koordinasyon becerisi yüksek analitik düşünce ve araştırmacı yapıya sahip,positive,male-dominated
79,Financial Controller,Controller/Inspector/Supervisor,İşletme Ekonomi Muhasebe veya ilgili alanlarda lisans veya yüksek lisans derecesi minimum üç-dört yıl çalışma deneyimi İyi düzeyde yazılı ve sözlü İngilizce Mükemmel düzeyde MS Excel Analitik ve stratejik düşünebilme sorumluluk alabilme öncelikleri belirleyebilme Özenli titiz ve çözüm odaklı ısrarlı ve çalışmalarını takip ve sonuçlandırma konusunda istekli Erkek adaylar için askerliğini tamamlamış,işletme ekonomi muhasebe veya ilgili alanlarda lisans veya yüksek lisans derecesi minimum üç-dört yıl çalışma deneyimi iyi düzeyde yazılı ve sözlü ingilizce mükemmel düzeyde ms excel analitik ve stratejik düşünebilme sorumluluk alabilme öncelikleri belirleyebilme özenli titiz ve çözüm odaklı ısrarlı ve çalışmalarını takip ve sonuçlandırma konusunda istekli erkek adaylar için askerliğini tamamlamış,positive,male-dominated
80,Financial Controller,Controller/Inspector/Supervisor,Dört yıllık üniversite derecesi Kontrol veya mali denetim konusunda en az bir yıl deneyimli İyi iletişim ve müzakere becerileri Kendini motive eden proaktif ve enerjik Bağımsız öğrenme kapasitesi Güçlü analitik problem çözme becerileri İngilizce'de mükemmel iletişim becerileri Stratejik düşünen inisiyatif alan,dört yıllık üniversite derecesi kontrol veya mali denetim konusunda en az bir yıl deneyimli iyi iletişim ve müzakere becerileri kendini motive eden proaktif ve enerjik bağımsız öğrenme kapasitesi güçlü analitik problem çözme becerileri ingilizce'de mükemmel iletişim becerileri stratejik düşünen inisiyatif alan,positive,male-dominated
81,Asset Management Operational Permanent Controller,Controller/Inspector/Supervisor,Ekonomi Finans veya Mühendislik fakültelerinde saygın bir üniversiteden lisans derecesi Varlık Yönetimi veya Banka veya Menkul Kıymet firmaları ekiplerinde iki yılı aşkın Risk veya Denetim veya İç Kontrol deneyimi Risk Yönetimi kavramı hakkında genel bir anlayış Finansal araçlar hakkında bilgi Son teslim tarihleri içinde hızlı ve sıklıkla yüksek kaliteli belgeler sunan titizlik analiz ve sentez kapasitesi Güçlü organizasyon becerileri detaylara dikkat proaktif ve inisiyatif kapasiteleri güvenilirlik özerklik ve dinamizm İletişim becerileri açık fikirlilik ve takım oyunculuğu İngilizce akıcılığı İyi derecede Office araçları bilgisi,ekonomi finans veya mühendislik fakültelerinde saygın bir üniversiteden lisans derecesi varlık yönetimi veya banka veya menkul kıymet firmaları ekiplerinde iki yılı aşkın risk veya denetim veya iç kontrol deneyimi risk yönetimi kavramı hakkında genel bir anlayış finansal araçlar hakkında bilgi son teslim tarihleri içinde hızlı ve sıklıkla yüksek kaliteli belgeler sunan titizlik analiz ve sentez kapasitesi güçlü organizasyon becerileri detaylara dikkat proaktif ve inisiyatif kapasiteleri güvenilirlik özerklik ve dinamizm iletişim becerileri açık fikirlilik ve takım oyunculuğu ingilizce akıcılığı iyi derecede office araçları bilgisi,positive,male-dominated
82,Plant Controller,Controller/Inspector/Supervisor,Tercihen Ekonomi veya Finans alanında BA Tercihen uluslararası bir FMCG şirketinde ticaret veya tedarik zinciri veya operasyon ortamında finans alanında minimum yedi yıllık deneyim Maliyet fiyat hesaplamaları yatırım hesaplamaları konusunda deneyim Gelişmiş Excel ve PowerPoint becerileri SAP bilgisi Doğru esnek düşünebilen zaman yönetimi becerileri yüksek analitik becerileri yüksek Takım oyuncusu uygulamalı proaktif mükemmel iletişim becerileri bağımsız ve kendi kendine başlayabilen öğrenmeye ve daha fazla gelişmeye istekli aciliyet durumunda inisiyatif alabilen UFRS ve yerel GAAP hakkında güncel ve derinlemesine bilgi İngilizcede akıcılık,tercihen ekonomi veya finans alanında ba tercihen uluslararası bir fmcg şirketinde ticaret veya tedarik zinciri veya operasyon ortamında finans alanında minimum yedi yıllık deneyim maliyet fiyat hesaplamaları yatırım hesaplamaları konusunda deneyim gelişmiş excel ve powerpoint becerileri sap bilgisi doğru esnek düşünebilen zaman yönetimi becerileri yüksek analitik becerileri yüksek takım oyuncusu uygulamalı proaktif mükemmel iletişim becerileri bağımsız ve kendi kendine başlayabilen öğrenmeye ve daha fazla gelişmeye istekli aciliyet durumunda inisiyatif alabilen ufrs ve yerel gaap hakkında güncel ve derinlemesine bilgi ingilizcede akıcılık,positive,male-dominated
83,Na,Manager/director/head,Görsel İletişim Tasarımı Endüstriyel Tasarım Grafik Tasarım veya benzeri programlardan mezun Başarılı UX İnovasyon liderliği dahil on yılı aşkın profesyonel deneyim Kullanıcı deneyimi kullanılabilirlik ürün yaşam döngüsü konularında bilgi ve deneyim Figma Sketch Adobe XD ve Adobe Creative Studio gibi tasarım araçlarıyla çalışma becerisi Detaylara dikkat eden koçluk ve mentorluk becerilerine sahip kullanıcı merkezli karar verici Çevik bir ortamda ürün ekipleriyle çalışma deneyimi Mükemmel iletişim ve sunum becerileri Dijital pazarlama ve marka materyalleri tasarımına ilgi duyma liderlik İleri ingilizce,görsel iletişim tasarımı endüstriyel tasarım grafik tasarım veya benzeri programlardan mezun başarılı ux inovasyon liderliği dahil on yılı aşkın profesyonel deneyim kullanıcı deneyimi kullanılabilirlik ürün yaşam döngüsü konularında bilgi ve deneyim figma sketch adobe xd ve adobe creative studio gibi tasarım araçlarıyla çalışma becerisi detaylara dikkat eden koçluk ve mentorluk becerilerine sahip kullanıcı merkezli karar verici çevik bir ortamda ürün ekipleriyle çalışma deneyimi mükemmel iletişim ve sunum becerileri dijital pazarlama ve marka materyalleri tasarımına ilgi duyma liderlik ileri ingilizce,positive,male-dominated
84,Human Resources Manager,Manager/director/head,İlgili alanlarda en az lisans derecesiuluslararası şirketlerde İK alanında en az üç yıl deneyim Yerel iş hukuku bilgisi C&B yönetim disiplini ve işten çıkarma prosedürleri bilgisi Tercihen işe alım alanında geniş deneyime sahip ve üst düzey pozisyonları işe alma konusunda başarılı deneyime sahip Gelişmiş İngilizce becerileri Birden çok görevi yerine getirme ve değişen önceliklere ve ihtiyaçlara uyum sağlama yeteneği,ilgili alanlarda en az lisans derecesiuluslararası şirketlerde ik alanında en az üç yıl deneyim yerel iş hukuku bilgisi c&b yönetim disiplini ve işten çıkarma prosedürleri bilgisi tercihen işe alım alanında geniş deneyime sahip ve üst düzey pozisyonları işe alma konusunda başarılı deneyime sahip gelişmiş ingilizce becerileri birden çok görevi yerine getirme ve değişen önceliklere ve ihtiyaçlara uyum sağlama yeteneği,,male-dominated
85,Art Director,Manager/director/head,Tercihen üniversitelerin ilgili lisans bölümlerinden mezun En az beş yıl ATL/BTL/Dijital Ajans deneyimi olan Sosyal medya ve digital mecra uygulamaları tasarımlarına hakim Yaratıcı çalışmaların fikir süreçlerinde aktif rol oynayacak yaratıcı Photoshop Illustrator ve İyi derecede After Effect bilen Hızlı çözüm üreten ve uygulama yapabilen Zamanlama konusunda özenli ve disiplinli İletişim yetenekleri kuvvetli disiplinli ve düzenli çalışmayı seven,tercihen üniversitelerin ilgili lisans bölümlerinden mezun en az beş yıl atl/btl/dijital ajans deneyimi olan sosyal medya ve digital mecra uygulamaları tasarımlarına hakim yaratıcı çalışmaların fikir süreçlerinde aktif rol oynayacak yaratıcı photoshop illustrator ve iyi derecede after effect bilen hızlı çözüm üreten ve uygulama yapabilen zamanlama konusunda özenli ve disiplinli iletişim yetenekleri kuvvetli disiplinli ve düzenli çalışmayı seven,positive,male-dominated
86,Accounting Manager Assistant,Manager/director/head (assistant),Finans İşletme veya ilgili diğer bölümlerde okuyan veya bu bölümlerden yeni mezun olan Lisans öğrencileri Haftada en az dört gün ve yaz aylarında tam zamanlı çalışabilen Yazılı ve sözlü İngilizce akıcılığı İletişim becerileri güçlü detay odaklı Kendi kendini organize eden ve teslim tarihlerine uygun çalışabilen Muhasebe departmanında kariyer yapmayı hedefleyen,finans işletme veya ilgili diğer bölümlerde okuyan veya bu bölümlerden yeni mezun olan lisans öğrencileri haftada en az dört gün ve yaz aylarında tam zamanlı çalışabilen yazılı ve sözlü ingilizce akıcılığı iletişim becerileri güçlü detay odaklı kendi kendini organize eden ve teslim tarihlerine uygun çalışabilen muhasebe departmanında kariyer yapmayı hedefleyen,positive,male-dominated
87,Assistant IT Manager,Manager/director/head (assistant),İlgili alanlarda lisans derecesi zorunlu En az dört yıllık ilgili iş deneyimi İleri düzeyde sözlü ve yazılı İngilizce ve Türkçe bilgisi Çözüm sunumu ve uygulamasında proje yönetimi deneyimi Yeni teknolojilere ve trendlere karşı tutku Sağlam Bütünsel teknik BT bilgisi FMCG işi ve Tedarik Zinciri teknolojileri ve operasyonu konusunda deneyim Düzenli teknik ve işlevsel tartışmalara öncülük etmek için güçlü paydaş yönetimi becerileri,ilgili alanlarda lisans derecesi zorunlu en az dört yıllık ilgili iş deneyimi ileri düzeyde sözlü ve yazılı ingilizce ve türkçe bilgisi çözüm sunumu ve uygulamasında proje yönetimi deneyimi yeni teknolojilere ve trendlere karşı tutku sağlam bütünsel teknik bt bilgisi fmcg işi ve tedarik zinciri teknolojileri ve operasyonu konusunda deneyim düzenli teknik ve işlevsel tartışmalara öncülük etmek için güçlü paydaş yönetimi becerileri,positive,male-dominated
88,Office Assistant,Assistant,İş yükünü önceliklendirmek ve müşteri ilişkilerinin yönetilmesi Etkili bir şekilde yazılı ve sözlü iletişim kurabilmek Ofis içi tertip ve düzenin sağlanması Tasarım işlerine yardımcı olmak Çoklu görev yeteneği ile güçlü organizasyon becerisi sahibi olmak,iş yükünü önceliklendirmek ve müşteri ilişkilerinin yönetilmesi etkili bir şekilde yazılı ve sözlü iletişim kurabilmek ofis içi tertip ve düzenin sağlanması tasarım işlerine yardımcı olmak çoklu görev yeteneği ile güçlü organizasyon becerisi sahibi olmak,negative,female-dominated
89,Müşteri Asistanı,Assistant,Üniversite mezunu Güçlü iletişim becerisi İleri seviyede İngilizce yazma ve konuşma becerileri olan Emlak servisi yapabilme yeteneği olan Prezantabl Askerlik hizmetini tamamlamış veya tecilli Bilgisayar programlarını kullanabilen,üniversite mezunu güçlü iletişim becerisi ileri seviyede ingilizce yazma ve konuşma becerileri olan emlak servisi yapabilme yeteneği olan prezantabl askerlik hizmetini tamamlamış veya tecilli bilgisayar programlarını kullanabilen,negative,female-dominated
90,Ofis Asistanı,Assistant,Prezentasyon ve diksiyonu yüksek Güleryüzlü Sorumluluk sahibi Microsoft office programlarına hakim Esnek çalışma saatlerine uyum sağlayabilecek Zaman yönetimi olan ve sonuç odaklı Arşivleme sistemi hakkında tecrübeli En az lise mezunu Tercihen İngilizce bilen,prezentasyon ve diksiyonu yüksek güleryüzlü sorumluluk sahibi microsoft office programlarına hakim esnek çalışma saatlerine uyum sağlayabilecek zaman yönetimi olan ve sonuç odaklı arşivleme sistemi hakkında tecrübeli en az lise mezunu tercihen ingilizce bilen,negative,female-dominated
91,Office Assistant,Assistant,Proficiency in Microsoft Office Excellent written and verbal communication skills Ability to multi-task organize and prioritize work,proficiency in microsoft office excellent written and verbal communication skills ability to multi-task organize and prioritize work,negative,female-dominated
92,Office Assistant,Assistant,Sözlü yazılı ve telefon iletişim becerisi yüksek insan ilişkilerinde kendine güvenen pozitif güler yüzlü diksiyonu düzgün prezentabl Bilgisayar kullanabilen MS Office uygulamalarına hakim Grafik Tasarım Bilgisi Olan ve Sosyal Medyayı iyi kullanabilen Kadın,sözlü yazılı ve telefon iletişim becerisi yüksek insan ilişkilerinde kendine güvenen pozitif güler yüzlü diksiyonu düzgün prezentabl bilgisayar kullanabilen ms office uygulamalarına hakim grafik tasarım bilgisi olan ve sosyal medyayı iyi kullanabilen kadın,negative,female-dominated
93,Personal Assistant (Dubai),Secretary,yenilikleri seven organize özerk ve kendi inisiyatiflerini takip etmeye istekli,yenilikleri seven organize özerk ve kendi inisiyatiflerini takip etmeye istekli,negative,female-dominated
94,Secretary,Secretary,düzenli ve temiz çalışma ortamı seven ofis programlarını iyi derecede kullanan kibar saygılı Türkçe'yi doğru kullanan zaman yönetimi cihazların bakımından sorumlu olmak,düzenli ve temiz çalışma ortamı seven ofis programlarını iyi derecede kullanan kibar saygılı türkçe'yi doğru kullanan zaman yönetimi cihazların bakımından sorumlu olmak,negative,female-dominated
95,Sekreter,Secretary,Ekip çalışmasına inanan ve gerekliliklerine göre hareket eden Güçlü ikna ve iletişim becerileri olan insiyatif alabilen İletişimi kuvvetli ve diksiyonu düzgün Kendine güveni yüksek Çalışmayı seven,ekip çalışmasına inanan ve gerekliliklerine göre hareket eden güçlü ikna ve iletişim becerileri olan insiyatif alabilen iletişimi kuvvetli ve diksiyonu düzgün kendine güveni yüksek çalışmayı seven,negative,female-dominated
96,Tıbbi Sekreter,Secretary,tıbbi terminolojisi olan insan ilişkilerinde başarılı bayan ,tıbbi terminolojisi olan insan ilişkilerinde başarılı bayan ,negative,female-dominated
97,Sekreter,Secretary,Çok iyi derecede word Excel bilgisine sahip bir-iki yıl muhasebe konusunda tecrübeli Anadolu yakasında ikamet eden bayan,çok iyi derecede word excel bilgisine sahip bir-iki yıl muhasebe konusunda tecrübeli anadolu yakasında ikamet eden bayan,negative,female-dominated
98,Secretary,Secretary,Çok iyi seviyede MS Office veya Excell bilgisine sahip Planlama ve organizasyon yeteneği gelişmiş koordinasyon ve takip becerisi yüksek İyi derecede sözlü ve yazılı iletişim becerisine sahip Temsil yeteneği güçlü diksiyonu düzgün canlı pozitif ve güler yüzlü Ekip çalışmasına uyum sağlayabilecek Tercihen ön lisans veya lisans mezunu Planlı çalışma becerisi ve alışkanlığı olan Diksiyonu temsil kabiliyeti yazılı ve sözlü iletişim becerisi yüksek Yönetici asistanlığı veya sekreterlik alanında tercihen iki yıl deneyimli Prezantabl kendine özgüveni yüksek güler yüzlü Zaman yönetimi konusunda başarılı Tercihen ön muhasebe tutma konusunda tecrübe sahibi,çok iyi seviyede ms office veya excell bilgisine sahip planlama ve organizasyon yeteneği gelişmiş koordinasyon ve takip becerisi yüksek iyi derecede sözlü ve yazılı iletişim becerisine sahip temsil yeteneği güçlü diksiyonu düzgün canlı pozitif ve güler yüzlü ekip çalışmasına uyum sağlayabilecek tercihen ön lisans veya lisans mezunu planlı çalışma becerisi ve alışkanlığı olan diksiyonu temsil kabiliyeti yazılı ve sözlü iletişim becerisi yüksek yönetici asistanlığı veya sekreterlik alanında tercihen iki yıl deneyimli prezantabl kendine özgüveni yüksek güler yüzlü zaman yönetimi konusunda başarılı tercihen ön muhasebe tutma konusunda tecrübe sahibi,negative,female-dominated
99,Ofis Sekreteri,Secretary,yirmi beş-otuz beş yaş arası deneyimli bayan,yirmi beş-otuz beş yaş arası deneyimli bayan,negative,female-dominated
100,Sekreter/Ön Muhasebe Personeli ,Secretary, Üniversitelerin ilgili bölümlerinden mezun Aktif telefon akışını yönetebilecek Öğrenmeye açık takım çalışmasına yatkın E fatura sistemine hakim Cari hesap Mutabakatlarını yapabilecek MS Office Programlarını aktif kullanan Toplantı etkinlik ve randevuları planlayacak İthalat ve İhracat evraklarını hazırlamayı bilen, üniversitelerin ilgili bölümlerinden mezun aktif telefon akışını yönetebilecek öğrenmeye açık takım çalışmasına yatkın e fatura sistemine hakim cari hesap mutabakatlarını yapabilecek ms office programlarını aktif kullanan toplantı etkinlik ve randevuları planlayacak ithalat ve ihracat evraklarını hazırlamayı bilen,negative,female-dominated
